ISO-10303-21;
HEADER;
/* Generated by software containing ST-Developer
 * from STEP Tools, Inc. (www.steptools.com) 
 */

FILE_DESCRIPTION(
/* description */ (''),
/* implementation_level */ '2;1');

FILE_NAME(
/* name */ 'y axis brace.step',
/* time_stamp */ '2026-09-12T15:54:58-04:00',
/* author */ (''),
/* organization */ (''),
/* preprocessor_version */ 'ST-DEVELOPER v20.2',
/* originating_system */ 'Autodesk Translation Framework v15.15.0.0',
/* authorisation */ '');

FILE_SCHEMA (('AUTOMOTIVE_DESIGN { 1 0 10303 214 3 1 1 }'));
ENDSEC;

DATA;
#10=MECHANICAL_DESIGN_GEOMETRIC_PRESENTATION_REPRESENTATION('',(#13),#4317);
#11=SHAPE_REPRESENTATION_RELATIONSHIP('SRR','None',#4324,#12);
#12=ADVANCED_BREP_SHAPE_REPRESENTATION('',(#14),#4316);
#13=STYLED_ITEM('',(#4333),#14);
#14=MANIFOLD_SOLID_BREP('Body1',#2557);
#15=FACE_BOUND('',#356,.T.);
#16=FACE_BOUND('',#357,.T.);
#17=FACE_BOUND('',#358,.T.);
#18=FACE_BOUND('',#359,.T.);
#19=FACE_BOUND('',#360,.T.);
#20=FACE_BOUND('',#361,.T.);
#21=FACE_BOUND('',#362,.T.);
#22=FACE_BOUND('',#363,.T.);
#23=FACE_BOUND('',#364,.T.);
#24=FACE_BOUND('',#365,.T.);
#25=FACE_BOUND('',#366,.T.);
#26=FACE_BOUND('',#367,.T.);
#27=FACE_BOUND('',#378,.T.);
#28=FACE_BOUND('',#379,.T.);
#29=FACE_BOUND('',#380,.T.);
#30=FACE_BOUND('',#381,.T.);
#31=FACE_BOUND('',#382,.T.);
#32=FACE_BOUND('',#383,.T.);
#33=FACE_BOUND('',#384,.T.);
#34=FACE_BOUND('',#385,.T.);
#35=FACE_BOUND('',#386,.T.);
#36=FACE_BOUND('',#387,.T.);
#37=FACE_BOUND('',#388,.T.);
#38=FACE_BOUND('',#390,.T.);
#39=FACE_BOUND('',#391,.T.);
#40=FACE_BOUND('',#392,.T.);
#41=FACE_BOUND('',#393,.T.);
#42=FACE_BOUND('',#394,.T.);
#43=FACE_BOUND('',#395,.T.);
#44=FACE_BOUND('',#396,.T.);
#45=FACE_BOUND('',#397,.T.);
#46=FACE_BOUND('',#398,.T.);
#47=FACE_BOUND('',#399,.T.);
#48=FACE_BOUND('',#400,.T.);
#49=FACE_BOUND('',#411,.T.);
#50=FACE_BOUND('',#412,.T.);
#51=FACE_BOUND('',#413,.T.);
#52=FACE_BOUND('',#414,.T.);
#53=FACE_BOUND('',#415,.T.);
#54=FACE_BOUND('',#416,.T.);
#55=FACE_BOUND('',#417,.T.);
#56=FACE_BOUND('',#418,.T.);
#57=FACE_BOUND('',#419,.T.);
#58=FACE_BOUND('',#420,.T.);
#59=FACE_BOUND('',#421,.T.);
#60=FACE_BOUND('',#422,.T.);
#61=FACE_BOUND('',#423,.T.);
#62=FACE_BOUND('',#424,.T.);
#63=FACE_BOUND('',#425,.T.);
#64=FACE_BOUND('',#426,.T.);
#65=FACE_BOUND('',#427,.T.);
#66=FACE_BOUND('',#428,.T.);
#67=FACE_BOUND('',#429,.T.);
#68=FACE_BOUND('',#430,.T.);
#69=FACE_BOUND('',#431,.T.);
#70=FACE_BOUND('',#432,.T.);
#71=FACE_BOUND('',#433,.T.);
#72=FACE_BOUND('',#434,.T.);
#73=FACE_BOUND('',#435,.T.);
#74=FACE_BOUND('',#436,.T.);
#75=FACE_BOUND('',#437,.T.);
#76=FACE_BOUND('',#438,.T.);
#77=FACE_BOUND('',#439,.T.);
#78=FACE_BOUND('',#440,.T.);
#79=FACE_BOUND('',#441,.T.);
#80=FACE_BOUND('',#442,.T.);
#81=FACE_BOUND('',#443,.T.);
#82=FACE_BOUND('',#444,.T.);
#83=PLANE('',#2640);
#84=PLANE('',#2644);
#85=PLANE('',#2648);
#86=PLANE('',#2652);
#87=PLANE('',#2656);
#88=PLANE('',#2660);
#89=PLANE('',#2664);
#90=PLANE('',#2668);
#91=PLANE('',#2672);
#92=PLANE('',#2676);
#93=PLANE('',#2680);
#94=PLANE('',#2684);
#95=PLANE('',#2688);
#96=PLANE('',#2692);
#97=PLANE('',#2696);
#98=PLANE('',#2700);
#99=PLANE('',#2704);
#100=PLANE('',#2708);
#101=PLANE('',#2712);
#102=PLANE('',#2716);
#103=PLANE('',#2720);
#104=PLANE('',#2724);
#105=PLANE('',#2728);
#106=PLANE('',#2732);
#107=PLANE('',#2736);
#108=PLANE('',#2740);
#109=PLANE('',#2744);
#110=PLANE('',#2748);
#111=PLANE('',#2752);
#112=PLANE('',#2756);
#113=PLANE('',#2760);
#114=PLANE('',#2764);
#115=PLANE('',#2768);
#116=PLANE('',#2772);
#117=PLANE('',#2776);
#118=PLANE('',#2780);
#119=PLANE('',#2781);
#120=PLANE('',#2790);
#121=PLANE('',#2791);
#122=PLANE('',#2794);
#123=PLANE('',#2795);
#124=PLANE('',#2800);
#125=PLANE('',#2803);
#126=PLANE('',#2806);
#127=PLANE('',#2809);
#128=PLANE('',#2812);
#129=PLANE('',#2815);
#130=PLANE('',#2816);
#131=PLANE('',#2821);
#132=PLANE('',#2822);
#133=PLANE('',#2827);
#134=PLANE('',#2828);
#135=PLANE('',#2830);
#136=PLANE('',#2833);
#137=FACE_OUTER_BOUND('',#261,.T.);
#138=FACE_OUTER_BOUND('',#262,.T.);
#139=FACE_OUTER_BOUND('',#263,.T.);
#140=FACE_OUTER_BOUND('',#264,.T.);
#141=FACE_OUTER_BOUND('',#265,.T.);
#142=FACE_OUTER_BOUND('',#266,.T.);
#143=FACE_OUTER_BOUND('',#267,.T.);
#144=FACE_OUTER_BOUND('',#268,.T.);
#145=FACE_OUTER_BOUND('',#269,.T.);
#146=FACE_OUTER_BOUND('',#270,.T.);
#147=FACE_OUTER_BOUND('',#271,.T.);
#148=FACE_OUTER_BOUND('',#272,.T.);
#149=FACE_OUTER_BOUND('',#273,.T.);
#150=FACE_OUTER_BOUND('',#274,.T.);
#151=FACE_OUTER_BOUND('',#275,.T.);
#152=FACE_OUTER_BOUND('',#276,.T.);
#153=FACE_OUTER_BOUND('',#277,.T.);
#154=FACE_OUTER_BOUND('',#278,.T.);
#155=FACE_OUTER_BOUND('',#279,.T.);
#156=FACE_OUTER_BOUND('',#280,.T.);
#157=FACE_OUTER_BOUND('',#281,.T.);
#158=FACE_OUTER_BOUND('',#282,.T.);
#159=FACE_OUTER_BOUND('',#283,.T.);
#160=FACE_OUTER_BOUND('',#284,.T.);
#161=FACE_OUTER_BOUND('',#285,.T.);
#162=FACE_OUTER_BOUND('',#286,.T.);
#163=FACE_OUTER_BOUND('',#287,.T.);
#164=FACE_OUTER_BOUND('',#288,.T.);
#165=FACE_OUTER_BOUND('',#289,.T.);
#166=FACE_OUTER_BOUND('',#290,.T.);
#167=FACE_OUTER_BOUND('',#291,.T.);
#168=FACE_OUTER_BOUND('',#292,.T.);
#169=FACE_OUTER_BOUND('',#293,.T.);
#170=FACE_OUTER_BOUND('',#294,.T.);
#171=FACE_OUTER_BOUND('',#295,.T.);
#172=FACE_OUTER_BOUND('',#296,.T.);
#173=FACE_OUTER_BOUND('',#297,.T.);
#174=FACE_OUTER_BOUND('',#298,.T.);
#175=FACE_OUTER_BOUND('',#299,.T.);
#176=FACE_OUTER_BOUND('',#300,.T.);
#177=FACE_OUTER_BOUND('',#301,.T.);
#178=FACE_OUTER_BOUND('',#302,.T.);
#179=FACE_OUTER_BOUND('',#303,.T.);
#180=FACE_OUTER_BOUND('',#304,.T.);
#181=FACE_OUTER_BOUND('',#305,.T.);
#182=FACE_OUTER_BOUND('',#306,.T.);
#183=FACE_OUTER_BOUND('',#307,.T.);
#184=FACE_OUTER_BOUND('',#308,.T.);
#185=FACE_OUTER_BOUND('',#309,.T.);
#186=FACE_OUTER_BOUND('',#310,.T.);
#187=FACE_OUTER_BOUND('',#311,.T.);
#188=FACE_OUTER_BOUND('',#312,.T.);
#189=FACE_OUTER_BOUND('',#313,.T.);
#190=FACE_OUTER_BOUND('',#314,.T.);
#191=FACE_OUTER_BOUND('',#315,.T.);
#192=FACE_OUTER_BOUND('',#316,.T.);
#193=FACE_OUTER_BOUND('',#317,.T.);
#194=FACE_OUTER_BOUND('',#318,.T.);
#195=FACE_OUTER_BOUND('',#319,.T.);
#196=FACE_OUTER_BOUND('',#320,.T.);
#197=FACE_OUTER_BOUND('',#321,.T.);
#198=FACE_OUTER_BOUND('',#322,.T.);
#199=FACE_OUTER_BOUND('',#323,.T.);
#200=FACE_OUTER_BOUND('',#324,.T.);
#201=FACE_OUTER_BOUND('',#325,.T.);
#202=FACE_OUTER_BOUND('',#326,.T.);
#203=FACE_OUTER_BOUND('',#327,.T.);
#204=FACE_OUTER_BOUND('',#328,.T.);
#205=FACE_OUTER_BOUND('',#329,.T.);
#206=FACE_OUTER_BOUND('',#330,.T.);
#207=FACE_OUTER_BOUND('',#331,.T.);
#208=FACE_OUTER_BOUND('',#332,.T.);
#209=FACE_OUTER_BOUND('',#333,.T.);
#210=FACE_OUTER_BOUND('',#334,.T.);
#211=FACE_OUTER_BOUND('',#335,.T.);
#212=FACE_OUTER_BOUND('',#336,.T.);
#213=FACE_OUTER_BOUND('',#337,.T.);
#214=FACE_OUTER_BOUND('',#338,.T.);
#215=FACE_OUTER_BOUND('',#339,.T.);
#216=FACE_OUTER_BOUND('',#340,.T.);
#217=FACE_OUTER_BOUND('',#341,.T.);
#218=FACE_OUTER_BOUND('',#342,.T.);
#219=FACE_OUTER_BOUND('',#343,.T.);
#220=FACE_OUTER_BOUND('',#344,.T.);
#221=FACE_OUTER_BOUND('',#345,.T.);
#222=FACE_OUTER_BOUND('',#346,.T.);
#223=FACE_OUTER_BOUND('',#347,.T.);
#224=FACE_OUTER_BOUND('',#348,.T.);
#225=FACE_OUTER_BOUND('',#349,.T.);
#226=FACE_OUTER_BOUND('',#350,.T.);
#227=FACE_OUTER_BOUND('',#351,.T.);
#228=FACE_OUTER_BOUND('',#352,.T.);
#229=FACE_OUTER_BOUND('',#353,.T.);
#230=FACE_OUTER_BOUND('',#354,.T.);
#231=FACE_OUTER_BOUND('',#355,.T.);
#232=FACE_OUTER_BOUND('',#368,.T.);
#233=FACE_OUTER_BOUND('',#369,.T.);
#234=FACE_OUTER_BOUND('',#370,.T.);
#235=FACE_OUTER_BOUND('',#371,.T.);
#236=FACE_OUTER_BOUND('',#372,.T.);
#237=FACE_OUTER_BOUND('',#373,.T.);
#238=FACE_OUTER_BOUND('',#374,.T.);
#239=FACE_OUTER_BOUND('',#375,.T.);
#240=FACE_OUTER_BOUND('',#376,.T.);
#241=FACE_OUTER_BOUND('',#377,.T.);
#242=FACE_OUTER_BOUND('',#389,.T.);
#243=FACE_OUTER_BOUND('',#401,.T.);
#244=FACE_OUTER_BOUND('',#402,.T.);
#245=FACE_OUTER_BOUND('',#403,.T.);
#246=FACE_OUTER_BOUND('',#404,.T.);
#247=FACE_OUTER_BOUND('',#405,.T.);
#248=FACE_OUTER_BOUND('',#406,.T.);
#249=FACE_OUTER_BOUND('',#407,.T.);
#250=FACE_OUTER_BOUND('',#408,.T.);
#251=FACE_OUTER_BOUND('',#409,.T.);
#252=FACE_OUTER_BOUND('',#410,.T.);
#253=FACE_OUTER_BOUND('',#445,.T.);
#254=FACE_OUTER_BOUND('',#446,.T.);
#255=FACE_OUTER_BOUND('',#447,.T.);
#256=FACE_OUTER_BOUND('',#448,.T.);
#257=FACE_OUTER_BOUND('',#449,.T.);
#258=FACE_OUTER_BOUND('',#450,.T.);
#259=FACE_OUTER_BOUND('',#451,.T.);
#260=FACE_OUTER_BOUND('',#452,.T.);
#261=EDGE_LOOP('',(#1639,#1640,#1641,#1642));
#262=EDGE_LOOP('',(#1643,#1644,#1645,#1646));
#263=EDGE_LOOP('',(#1647,#1648,#1649,#1650));
#264=EDGE_LOOP('',(#1651,#1652,#1653,#1654));
#265=EDGE_LOOP('',(#1655,#1656,#1657,#1658));
#266=EDGE_LOOP('',(#1659,#1660,#1661,#1662));
#267=EDGE_LOOP('',(#1663,#1664,#1665,#1666));
#268=EDGE_LOOP('',(#1667,#1668,#1669,#1670));
#269=EDGE_LOOP('',(#1671,#1672,#1673,#1674));
#270=EDGE_LOOP('',(#1675,#1676,#1677,#1678));
#271=EDGE_LOOP('',(#1679,#1680,#1681,#1682));
#272=EDGE_LOOP('',(#1683,#1684,#1685,#1686));
#273=EDGE_LOOP('',(#1687,#1688,#1689,#1690));
#274=EDGE_LOOP('',(#1691,#1692,#1693,#1694));
#275=EDGE_LOOP('',(#1695,#1696,#1697,#1698));
#276=EDGE_LOOP('',(#1699,#1700,#1701,#1702));
#277=EDGE_LOOP('',(#1703,#1704,#1705,#1706));
#278=EDGE_LOOP('',(#1707,#1708,#1709,#1710));
#279=EDGE_LOOP('',(#1711,#1712,#1713,#1714));
#280=EDGE_LOOP('',(#1715,#1716,#1717,#1718));
#281=EDGE_LOOP('',(#1719,#1720,#1721,#1722));
#282=EDGE_LOOP('',(#1723,#1724,#1725,#1726));
#283=EDGE_LOOP('',(#1727,#1728,#1729,#1730));
#284=EDGE_LOOP('',(#1731,#1732,#1733,#1734));
#285=EDGE_LOOP('',(#1735,#1736,#1737,#1738));
#286=EDGE_LOOP('',(#1739,#1740,#1741,#1742));
#287=EDGE_LOOP('',(#1743,#1744,#1745,#1746));
#288=EDGE_LOOP('',(#1747,#1748,#1749,#1750));
#289=EDGE_LOOP('',(#1751,#1752,#1753,#1754));
#290=EDGE_LOOP('',(#1755,#1756,#1757,#1758));
#291=EDGE_LOOP('',(#1759,#1760,#1761,#1762));
#292=EDGE_LOOP('',(#1763,#1764,#1765,#1766));
#293=EDGE_LOOP('',(#1767,#1768,#1769,#1770));
#294=EDGE_LOOP('',(#1771,#1772,#1773,#1774));
#295=EDGE_LOOP('',(#1775,#1776,#1777,#1778));
#296=EDGE_LOOP('',(#1779,#1780,#1781,#1782));
#297=EDGE_LOOP('',(#1783,#1784,#1785,#1786));
#298=EDGE_LOOP('',(#1787,#1788,#1789,#1790));
#299=EDGE_LOOP('',(#1791,#1792,#1793,#1794));
#300=EDGE_LOOP('',(#1795,#1796,#1797,#1798));
#301=EDGE_LOOP('',(#1799,#1800,#1801,#1802));
#302=EDGE_LOOP('',(#1803,#1804,#1805,#1806));
#303=EDGE_LOOP('',(#1807,#1808,#1809,#1810));
#304=EDGE_LOOP('',(#1811,#1812,#1813,#1814));
#305=EDGE_LOOP('',(#1815,#1816,#1817,#1818));
#306=EDGE_LOOP('',(#1819,#1820,#1821,#1822));
#307=EDGE_LOOP('',(#1823,#1824,#1825,#1826));
#308=EDGE_LOOP('',(#1827,#1828,#1829,#1830));
#309=EDGE_LOOP('',(#1831,#1832,#1833,#1834));
#310=EDGE_LOOP('',(#1835,#1836,#1837,#1838));
#311=EDGE_LOOP('',(#1839,#1840,#1841,#1842));
#312=EDGE_LOOP('',(#1843,#1844,#1845,#1846));
#313=EDGE_LOOP('',(#1847,#1848,#1849,#1850));
#314=EDGE_LOOP('',(#1851,#1852,#1853,#1854));
#315=EDGE_LOOP('',(#1855,#1856,#1857,#1858));
#316=EDGE_LOOP('',(#1859,#1860,#1861,#1862));
#317=EDGE_LOOP('',(#1863,#1864,#1865,#1866));
#318=EDGE_LOOP('',(#1867,#1868,#1869,#1870));
#319=EDGE_LOOP('',(#1871,#1872,#1873,#1874));
#320=EDGE_LOOP('',(#1875,#1876,#1877,#1878));
#321=EDGE_LOOP('',(#1879,#1880,#1881,#1882));
#322=EDGE_LOOP('',(#1883,#1884,#1885,#1886));
#323=EDGE_LOOP('',(#1887,#1888,#1889,#1890));
#324=EDGE_LOOP('',(#1891,#1892,#1893,#1894));
#325=EDGE_LOOP('',(#1895,#1896,#1897,#1898));
#326=EDGE_LOOP('',(#1899,#1900,#1901,#1902));
#327=EDGE_LOOP('',(#1903,#1904,#1905,#1906));
#328=EDGE_LOOP('',(#1907,#1908,#1909,#1910));
#329=EDGE_LOOP('',(#1911,#1912,#1913,#1914));
#330=EDGE_LOOP('',(#1915,#1916,#1917,#1918));
#331=EDGE_LOOP('',(#1919,#1920,#1921,#1922));
#332=EDGE_LOOP('',(#1923,#1924,#1925,#1926));
#333=EDGE_LOOP('',(#1927,#1928,#1929,#1930));
#334=EDGE_LOOP('',(#1931,#1932,#1933,#1934));
#335=EDGE_LOOP('',(#1935,#1936,#1937,#1938));
#336=EDGE_LOOP('',(#1939,#1940,#1941,#1942));
#337=EDGE_LOOP('',(#1943,#1944,#1945,#1946));
#338=EDGE_LOOP('',(#1947,#1948,#1949,#1950));
#339=EDGE_LOOP('',(#1951,#1952,#1953,#1954));
#340=EDGE_LOOP('',(#1955,#1956,#1957,#1958));
#341=EDGE_LOOP('',(#1959,#1960,#1961,#1962));
#342=EDGE_LOOP('',(#1963,#1964,#1965,#1966));
#343=EDGE_LOOP('',(#1967,#1968,#1969,#1970));
#344=EDGE_LOOP('',(#1971,#1972,#1973,#1974));
#345=EDGE_LOOP('',(#1975,#1976,#1977,#1978));
#346=EDGE_LOOP('',(#1979,#1980,#1981,#1982));
#347=EDGE_LOOP('',(#1983,#1984,#1985,#1986));
#348=EDGE_LOOP('',(#1987,#1988,#1989,#1990));
#349=EDGE_LOOP('',(#1991,#1992,#1993,#1994));
#350=EDGE_LOOP('',(#1995,#1996,#1997,#1998));
#351=EDGE_LOOP('',(#1999,#2000,#2001,#2002));
#352=EDGE_LOOP('',(#2003,#2004,#2005,#2006));
#353=EDGE_LOOP('',(#2007,#2008,#2009,#2010));
#354=EDGE_LOOP('',(#2011,#2012,#2013,#2014));
#355=EDGE_LOOP('',(#2015,#2016,#2017,#2018,#2019,#2020,#2021,#2022,#2023,
#2024,#2025,#2026,#2027,#2028,#2029,#2030));
#356=EDGE_LOOP('',(#2031,#2032,#2033,#2034,#2035,#2036));
#357=EDGE_LOOP('',(#2037,#2038,#2039,#2040,#2041,#2042));
#358=EDGE_LOOP('',(#2043,#2044,#2045,#2046,#2047,#2048));
#359=EDGE_LOOP('',(#2049,#2050,#2051,#2052,#2053,#2054));
#360=EDGE_LOOP('',(#2055,#2056,#2057,#2058,#2059,#2060));
#361=EDGE_LOOP('',(#2061,#2062,#2063,#2064,#2065,#2066));
#362=EDGE_LOOP('',(#2067,#2068,#2069,#2070,#2071,#2072));
#363=EDGE_LOOP('',(#2073,#2074,#2075,#2076,#2077,#2078));
#364=EDGE_LOOP('',(#2079,#2080,#2081,#2082,#2083,#2084));
#365=EDGE_LOOP('',(#2085,#2086,#2087,#2088,#2089,#2090));
#366=EDGE_LOOP('',(#2091,#2092,#2093,#2094,#2095,#2096));
#367=EDGE_LOOP('',(#2097,#2098,#2099,#2100,#2101,#2102));
#368=EDGE_LOOP('',(#2103,#2104,#2105,#2106));
#369=EDGE_LOOP('',(#2107,#2108,#2109,#2110));
#370=EDGE_LOOP('',(#2111,#2112,#2113,#2114));
#371=EDGE_LOOP('',(#2115,#2116,#2117,#2118));
#372=EDGE_LOOP('',(#2119,#2120,#2121,#2122));
#373=EDGE_LOOP('',(#2123,#2124,#2125,#2126));
#374=EDGE_LOOP('',(#2127,#2128,#2129,#2130));
#375=EDGE_LOOP('',(#2131,#2132,#2133,#2134));
#376=EDGE_LOOP('',(#2135,#2136,#2137,#2138));
#377=EDGE_LOOP('',(#2139,#2140,#2141,#2142,#2143,#2144));
#378=EDGE_LOOP('',(#2145));
#379=EDGE_LOOP('',(#2146));
#380=EDGE_LOOP('',(#2147));
#381=EDGE_LOOP('',(#2148));
#382=EDGE_LOOP('',(#2149));
#383=EDGE_LOOP('',(#2150));
#384=EDGE_LOOP('',(#2151));
#385=EDGE_LOOP('',(#2152));
#386=EDGE_LOOP('',(#2153));
#387=EDGE_LOOP('',(#2154));
#388=EDGE_LOOP('',(#2155));
#389=EDGE_LOOP('',(#2156,#2157,#2158,#2159,#2160,#2161));
#390=EDGE_LOOP('',(#2162));
#391=EDGE_LOOP('',(#2163));
#392=EDGE_LOOP('',(#2164));
#393=EDGE_LOOP('',(#2165));
#394=EDGE_LOOP('',(#2166));
#395=EDGE_LOOP('',(#2167));
#396=EDGE_LOOP('',(#2168));
#397=EDGE_LOOP('',(#2169));
#398=EDGE_LOOP('',(#2170));
#399=EDGE_LOOP('',(#2171));
#400=EDGE_LOOP('',(#2172));
#401=EDGE_LOOP('',(#2173,#2174,#2175,#2176,#2177));
#402=EDGE_LOOP('',(#2178,#2179,#2180,#2181));
#403=EDGE_LOOP('',(#2182,#2183,#2184,#2185));
#404=EDGE_LOOP('',(#2186,#2187,#2188,#2189));
#405=EDGE_LOOP('',(#2190,#2191,#2192,#2193));
#406=EDGE_LOOP('',(#2194,#2195,#2196,#2197));
#407=EDGE_LOOP('',(#2198,#2199,#2200,#2201));
#408=EDGE_LOOP('',(#2202,#2203,#2204,#2205));
#409=EDGE_LOOP('',(#2206,#2207,#2208,#2209,#2210));
#410=EDGE_LOOP('',(#2211,#2212,#2213,#2214,#2215,#2216,#2217,#2218,#2219,
#2220,#2221,#2222,#2223,#2224,#2225,#2226,#2227,#2228,#2229,#2230,#2231,
#2232,#2233,#2234));
#411=EDGE_LOOP('',(#2235,#2236,#2237,#2238,#2239,#2240));
#412=EDGE_LOOP('',(#2241,#2242,#2243,#2244,#2245,#2246));
#413=EDGE_LOOP('',(#2247,#2248,#2249,#2250,#2251,#2252));
#414=EDGE_LOOP('',(#2253,#2254,#2255,#2256,#2257,#2258));
#415=EDGE_LOOP('',(#2259,#2260,#2261,#2262,#2263,#2264));
#416=EDGE_LOOP('',(#2265,#2266,#2267,#2268,#2269,#2270));
#417=EDGE_LOOP('',(#2271,#2272,#2273,#2274,#2275,#2276));
#418=EDGE_LOOP('',(#2277,#2278,#2279,#2280,#2281,#2282));
#419=EDGE_LOOP('',(#2283,#2284,#2285,#2286,#2287,#2288));
#420=EDGE_LOOP('',(#2289,#2290,#2291,#2292,#2293,#2294));
#421=EDGE_LOOP('',(#2295,#2296,#2297,#2298,#2299,#2300));
#422=EDGE_LOOP('',(#2301,#2302,#2303,#2304,#2305,#2306));
#423=EDGE_LOOP('',(#2307));
#424=EDGE_LOOP('',(#2308));
#425=EDGE_LOOP('',(#2309));
#426=EDGE_LOOP('',(#2310));
#427=EDGE_LOOP('',(#2311));
#428=EDGE_LOOP('',(#2312));
#429=EDGE_LOOP('',(#2313));
#430=EDGE_LOOP('',(#2314));
#431=EDGE_LOOP('',(#2315));
#432=EDGE_LOOP('',(#2316));
#433=EDGE_LOOP('',(#2317));
#434=EDGE_LOOP('',(#2318));
#435=EDGE_LOOP('',(#2319));
#436=EDGE_LOOP('',(#2320));
#437=EDGE_LOOP('',(#2321));
#438=EDGE_LOOP('',(#2322));
#439=EDGE_LOOP('',(#2323));
#440=EDGE_LOOP('',(#2324));
#441=EDGE_LOOP('',(#2325));
#442=EDGE_LOOP('',(#2326));
#443=EDGE_LOOP('',(#2327));
#444=EDGE_LOOP('',(#2328));
#445=EDGE_LOOP('',(#2329,#2330,#2331,#2332,#2333));
#446=EDGE_LOOP('',(#2334,#2335,#2336,#2337,#2338));
#447=EDGE_LOOP('',(#2339,#2340,#2341,#2342));
#448=EDGE_LOOP('',(#2343,#2344,#2345,#2346));
#449=EDGE_LOOP('',(#2347,#2348,#2349,#2350));
#450=EDGE_LOOP('',(#2351,#2352,#2353,#2354));
#451=EDGE_LOOP('',(#2355,#2356,#2357,#2358));
#452=EDGE_LOOP('',(#2359,#2360,#2361,#2362));
#453=LINE('',#3592,#675);
#454=LINE('',#3598,#676);
#455=LINE('',#3604,#677);
#456=LINE('',#3610,#678);
#457=LINE('',#3616,#679);
#458=LINE('',#3622,#680);
#459=LINE('',#3628,#681);
#460=LINE('',#3634,#682);
#461=LINE('',#3640,#683);
#462=LINE('',#3646,#684);
#463=LINE('',#3652,#685);
#464=LINE('',#3658,#686);
#465=LINE('',#3664,#687);
#466=LINE('',#3670,#688);
#467=LINE('',#3676,#689);
#468=LINE('',#3682,#690);
#469=LINE('',#3688,#691);
#470=LINE('',#3694,#692);
#471=LINE('',#3700,#693);
#472=LINE('',#3706,#694);
#473=LINE('',#3712,#695);
#474=LINE('',#3718,#696);
#475=LINE('',#3725,#697);
#476=LINE('',#3728,#698);
#477=LINE('',#3731,#699);
#478=LINE('',#3733,#700);
#479=LINE('',#3734,#701);
#480=LINE('',#3740,#702);
#481=LINE('',#3743,#703);
#482=LINE('',#3746,#704);
#483=LINE('',#3748,#705);
#484=LINE('',#3749,#706);
#485=LINE('',#3755,#707);
#486=LINE('',#3758,#708);
#487=LINE('',#3761,#709);
#488=LINE('',#3763,#710);
#489=LINE('',#3764,#711);
#490=LINE('',#3770,#712);
#491=LINE('',#3773,#713);
#492=LINE('',#3776,#714);
#493=LINE('',#3778,#715);
#494=LINE('',#3779,#716);
#495=LINE('',#3785,#717);
#496=LINE('',#3788,#718);
#497=LINE('',#3791,#719);
#498=LINE('',#3793,#720);
#499=LINE('',#3794,#721);
#500=LINE('',#3800,#722);
#501=LINE('',#3803,#723);
#502=LINE('',#3805,#724);
#503=LINE('',#3806,#725);
#504=LINE('',#3812,#726);
#505=LINE('',#3815,#727);
#506=LINE('',#3818,#728);
#507=LINE('',#3820,#729);
#508=LINE('',#3821,#730);
#509=LINE('',#3827,#731);
#510=LINE('',#3830,#732);
#511=LINE('',#3832,#733);
#512=LINE('',#3833,#734);
#513=LINE('',#3839,#735);
#514=LINE('',#3842,#736);
#515=LINE('',#3844,#737);
#516=LINE('',#3845,#738);
#517=LINE('',#3851,#739);
#518=LINE('',#3854,#740);
#519=LINE('',#3857,#741);
#520=LINE('',#3859,#742);
#521=LINE('',#3860,#743);
#522=LINE('',#3866,#744);
#523=LINE('',#3869,#745);
#524=LINE('',#3872,#746);
#525=LINE('',#3874,#747);
#526=LINE('',#3875,#748);
#527=LINE('',#3881,#749);
#528=LINE('',#3884,#750);
#529=LINE('',#3887,#751);
#530=LINE('',#3889,#752);
#531=LINE('',#3890,#753);
#532=LINE('',#3896,#754);
#533=LINE('',#3899,#755);
#534=LINE('',#3902,#756);
#535=LINE('',#3904,#757);
#536=LINE('',#3905,#758);
#537=LINE('',#3911,#759);
#538=LINE('',#3914,#760);
#539=LINE('',#3917,#761);
#540=LINE('',#3919,#762);
#541=LINE('',#3920,#763);
#542=LINE('',#3925,#764);
#543=LINE('',#3929,#765);
#544=LINE('',#3931,#766);
#545=LINE('',#3932,#767);
#546=LINE('',#3937,#768);
#547=LINE('',#3940,#769);
#548=LINE('',#3941,#770);
#549=LINE('',#3946,#771);
#550=LINE('',#3950,#772);
#551=LINE('',#3952,#773);
#552=LINE('',#3953,#774);
#553=LINE('',#3958,#775);
#554=LINE('',#3962,#776);
#555=LINE('',#3964,#777);
#556=LINE('',#3965,#778);
#557=LINE('',#3970,#779);
#558=LINE('',#3974,#780);
#559=LINE('',#3976,#781);
#560=LINE('',#3977,#782);
#561=LINE('',#3982,#783);
#562=LINE('',#3986,#784);
#563=LINE('',#3988,#785);
#564=LINE('',#3989,#786);
#565=LINE('',#3994,#787);
#566=LINE('',#3998,#788);
#567=LINE('',#4000,#789);
#568=LINE('',#4001,#790);
#569=LINE('',#4006,#791);
#570=LINE('',#4009,#792);
#571=LINE('',#4010,#793);
#572=LINE('',#4015,#794);
#573=LINE('',#4018,#795);
#574=LINE('',#4019,#796);
#575=LINE('',#4024,#797);
#576=LINE('',#4027,#798);
#577=LINE('',#4028,#799);
#578=LINE('',#4033,#800);
#579=LINE('',#4036,#801);
#580=LINE('',#4037,#802);
#581=LINE('',#4042,#803);
#582=LINE('',#4046,#804);
#583=LINE('',#4048,#805);
#584=LINE('',#4049,#806);
#585=LINE('',#4054,#807);
#586=LINE('',#4057,#808);
#587=LINE('',#4058,#809);
#588=LINE('',#4063,#810);
#589=LINE('',#4067,#811);
#590=LINE('',#4069,#812);
#591=LINE('',#4070,#813);
#592=LINE('',#4075,#814);
#593=LINE('',#4078,#815);
#594=LINE('',#4079,#816);
#595=LINE('',#4084,#817);
#596=LINE('',#4087,#818);
#597=LINE('',#4088,#819);
#598=LINE('',#4093,#820);
#599=LINE('',#4096,#821);
#600=LINE('',#4097,#822);
#601=LINE('',#4102,#823);
#602=LINE('',#4105,#824);
#603=LINE('',#4106,#825);
#604=LINE('',#4111,#826);
#605=LINE('',#4114,#827);
#606=LINE('',#4115,#828);
#607=LINE('',#4121,#829);
#608=LINE('',#4124,#830);
#609=LINE('',#4127,#831);
#610=LINE('',#4129,#832);
#611=LINE('',#4130,#833);
#612=LINE('',#4136,#834);
#613=LINE('',#4139,#835);
#614=LINE('',#4141,#836);
#615=LINE('',#4142,#837);
#616=LINE('',#4147,#838);
#617=LINE('',#4150,#839);
#618=LINE('',#4151,#840);
#619=LINE('',#4155,#841);
#620=LINE('',#4159,#842);
#621=LINE('',#4163,#843);
#622=LINE('',#4167,#844);
#623=LINE('',#4171,#845);
#624=LINE('',#4175,#846);
#625=LINE('',#4179,#847);
#626=LINE('',#4183,#848);
#627=LINE('',#4187,#849);
#628=LINE('',#4189,#850);
#629=LINE('',#4190,#851);
#630=LINE('',#4193,#852);
#631=LINE('',#4195,#853);
#632=LINE('',#4196,#854);
#633=LINE('',#4199,#855);
#634=LINE('',#4202,#856);
#635=LINE('',#4205,#857);
#636=LINE('',#4206,#858);
#637=LINE('',#4209,#859);
#638=LINE('',#4211,#860);
#639=LINE('',#4212,#861);
#640=LINE('',#4215,#862);
#641=LINE('',#4219,#863);
#642=LINE('',#4223,#864);
#643=LINE('',#4224,#865);
#644=LINE('',#4227,#866);
#645=LINE('',#4231,#867);
#646=LINE('',#4235,#868);
#647=LINE('',#4238,#869);
#648=LINE('',#4241,#870);
#649=LINE('',#4245,#871);
#650=LINE('',#4248,#872);
#651=LINE('',#4251,#873);
#652=LINE('',#4252,#874);
#653=LINE('',#4255,#875);
#654=LINE('',#4258,#876);
#655=LINE('',#4261,#877);
#656=LINE('',#4262,#878);
#657=LINE('',#4265,#879);
#658=LINE('',#4268,#880);
#659=LINE('',#4271,#881);
#660=LINE('',#4272,#882);
#661=LINE('',#4275,#883);
#662=LINE('',#4276,#884);
#663=LINE('',#4283,#885);
#664=LINE('',#4284,#886);
#665=LINE('',#4287,#887);
#666=LINE('',#4291,#888);
#667=LINE('',#4296,#889);
#668=LINE('',#4299,#890);
#669=LINE('',#4301,#891);
#670=LINE('',#4303,#892);
#671=LINE('',#4305,#893);
#672=LINE('',#4307,#894);
#673=LINE('',#4310,#895);
#674=LINE('',#4312,#896);
#675=VECTOR('',#2841,1.60000000000001);
#676=VECTOR('',#2848,1.60000000000001);
#677=VECTOR('',#2855,1.6);
#678=VECTOR('',#2862,1.6);
#679=VECTOR('',#2869,1.60000000000004);
#680=VECTOR('',#2876,1.59999999999997);
#681=VECTOR('',#2883,1.59999999999997);
#682=VECTOR('',#2890,1.59999999999997);
#683=VECTOR('',#2897,1.6);
#684=VECTOR('',#2904,1.59999999999997);
#685=VECTOR('',#2911,1.6);
#686=VECTOR('',#2918,1.6);
#687=VECTOR('',#2925,1.6);
#688=VECTOR('',#2932,1.6);
#689=VECTOR('',#2939,1.59999999999997);
#690=VECTOR('',#2946,1.6);
#691=VECTOR('',#2953,1.60000000000002);
#692=VECTOR('',#2960,1.60000000000002);
#693=VECTOR('',#2967,1.6);
#694=VECTOR('',#2974,1.60000000000004);
#695=VECTOR('',#2981,1.6);
#696=VECTOR('',#2988,1.6);
#697=VECTOR('',#2995,10.);
#698=VECTOR('',#2998,10.);
#699=VECTOR('',#3001,10.);
#700=VECTOR('',#3002,10.);
#701=VECTOR('',#3003,10.);
#702=VECTOR('',#3008,10.);
#703=VECTOR('',#3011,10.);
#704=VECTOR('',#3014,10.);
#705=VECTOR('',#3015,10.);
#706=VECTOR('',#3016,10.);
#707=VECTOR('',#3021,10.);
#708=VECTOR('',#3024,10.);
#709=VECTOR('',#3027,10.);
#710=VECTOR('',#3028,10.);
#711=VECTOR('',#3029,10.);
#712=VECTOR('',#3034,10.);
#713=VECTOR('',#3037,10.);
#714=VECTOR('',#3040,10.);
#715=VECTOR('',#3041,10.);
#716=VECTOR('',#3042,10.);
#717=VECTOR('',#3047,10.);
#718=VECTOR('',#3050,10.);
#719=VECTOR('',#3053,10.);
#720=VECTOR('',#3054,10.);
#721=VECTOR('',#3055,10.);
#722=VECTOR('',#3060,10.);
#723=VECTOR('',#3063,10.);
#724=VECTOR('',#3066,10.);
#725=VECTOR('',#3067,10.);
#726=VECTOR('',#3072,10.);
#727=VECTOR('',#3075,10.);
#728=VECTOR('',#3078,10.);
#729=VECTOR('',#3079,10.);
#730=VECTOR('',#3080,10.);
#731=VECTOR('',#3085,10.);
#732=VECTOR('',#3088,10.);
#733=VECTOR('',#3091,10.);
#734=VECTOR('',#3092,10.);
#735=VECTOR('',#3097,10.);
#736=VECTOR('',#3100,10.);
#737=VECTOR('',#3103,10.);
#738=VECTOR('',#3104,10.);
#739=VECTOR('',#3109,10.);
#740=VECTOR('',#3112,10.);
#741=VECTOR('',#3115,10.);
#742=VECTOR('',#3116,10.);
#743=VECTOR('',#3117,10.);
#744=VECTOR('',#3122,10.);
#745=VECTOR('',#3125,10.);
#746=VECTOR('',#3128,10.);
#747=VECTOR('',#3129,10.);
#748=VECTOR('',#3130,10.);
#749=VECTOR('',#3135,10.);
#750=VECTOR('',#3138,10.);
#751=VECTOR('',#3141,10.);
#752=VECTOR('',#3142,10.);
#753=VECTOR('',#3143,10.);
#754=VECTOR('',#3148,10.);
#755=VECTOR('',#3151,10.);
#756=VECTOR('',#3154,10.);
#757=VECTOR('',#3155,10.);
#758=VECTOR('',#3156,10.);
#759=VECTOR('',#3161,10.);
#760=VECTOR('',#3164,10.);
#761=VECTOR('',#3167,10.);
#762=VECTOR('',#3168,10.);
#763=VECTOR('',#3169,10.);
#764=VECTOR('',#3174,10.);
#765=VECTOR('',#3179,10.);
#766=VECTOR('',#3180,10.);
#767=VECTOR('',#3181,10.);
#768=VECTOR('',#3186,10.);
#769=VECTOR('',#3191,10.);
#770=VECTOR('',#3192,10.);
#771=VECTOR('',#3197,10.);
#772=VECTOR('',#3202,10.);
#773=VECTOR('',#3203,10.);
#774=VECTOR('',#3204,10.);
#775=VECTOR('',#3209,10.);
#776=VECTOR('',#3214,10.);
#777=VECTOR('',#3215,10.);
#778=VECTOR('',#3216,10.);
#779=VECTOR('',#3221,10.);
#780=VECTOR('',#3226,10.);
#781=VECTOR('',#3227,10.);
#782=VECTOR('',#3228,10.);
#783=VECTOR('',#3233,10.);
#784=VECTOR('',#3238,10.);
#785=VECTOR('',#3239,10.);
#786=VECTOR('',#3240,10.);
#787=VECTOR('',#3245,10.);
#788=VECTOR('',#3250,10.);
#789=VECTOR('',#3251,10.);
#790=VECTOR('',#3252,10.);
#791=VECTOR('',#3257,10.);
#792=VECTOR('',#3262,10.);
#793=VECTOR('',#3263,10.);
#794=VECTOR('',#3268,10.);
#795=VECTOR('',#3273,10.);
#796=VECTOR('',#3274,10.);
#797=VECTOR('',#3279,10.);
#798=VECTOR('',#3284,10.);
#799=VECTOR('',#3285,10.);
#800=VECTOR('',#3290,10.);
#801=VECTOR('',#3295,10.);
#802=VECTOR('',#3296,10.);
#803=VECTOR('',#3301,10.);
#804=VECTOR('',#3306,10.);
#805=VECTOR('',#3307,10.);
#806=VECTOR('',#3308,10.);
#807=VECTOR('',#3313,10.);
#808=VECTOR('',#3318,10.);
#809=VECTOR('',#3319,10.);
#810=VECTOR('',#3324,10.);
#811=VECTOR('',#3329,10.);
#812=VECTOR('',#3330,10.);
#813=VECTOR('',#3331,10.);
#814=VECTOR('',#3336,10.);
#815=VECTOR('',#3341,10.);
#816=VECTOR('',#3342,10.);
#817=VECTOR('',#3347,10.);
#818=VECTOR('',#3352,10.);
#819=VECTOR('',#3353,10.);
#820=VECTOR('',#3358,10.);
#821=VECTOR('',#3363,10.);
#822=VECTOR('',#3364,10.);
#823=VECTOR('',#3369,10.);
#824=VECTOR('',#3374,10.);
#825=VECTOR('',#3375,10.);
#826=VECTOR('',#3380,10.);
#827=VECTOR('',#3385,10.);
#828=VECTOR('',#3386,10.);
#829=VECTOR('',#3391,10.);
#830=VECTOR('',#3394,10.);
#831=VECTOR('',#3397,10.);
#832=VECTOR('',#3398,10.);
#833=VECTOR('',#3399,10.);
#834=VECTOR('',#3404,10.);
#835=VECTOR('',#3407,10.);
#836=VECTOR('',#3410,10.);
#837=VECTOR('',#3411,10.);
#838=VECTOR('',#3416,10.);
#839=VECTOR('',#3421,10.);
#840=VECTOR('',#3422,10.);
#841=VECTOR('',#3425,10.);
#842=VECTOR('',#3428,10.);
#843=VECTOR('',#3431,10.);
#844=VECTOR('',#3434,10.);
#845=VECTOR('',#3437,10.);
#846=VECTOR('',#3440,10.);
#847=VECTOR('',#3443,10.);
#848=VECTOR('',#3446,10.);
#849=VECTOR('',#3451,10.);
#850=VECTOR('',#3452,10.);
#851=VECTOR('',#3453,10.);
#852=VECTOR('',#3456,10.);
#853=VECTOR('',#3457,10.);
#854=VECTOR('',#3458,10.);
#855=VECTOR('',#3461,10.);
#856=VECTOR('',#3464,10.);
#857=VECTOR('',#3467,10.);
#858=VECTOR('',#3468,10.);
#859=VECTOR('',#3471,10.);
#860=VECTOR('',#3472,10.);
#861=VECTOR('',#3473,10.);
#862=VECTOR('',#3476,10.);
#863=VECTOR('',#3481,10.);
#864=VECTOR('',#3486,10.);
#865=VECTOR('',#3487,10.);
#866=VECTOR('',#3490,10.);
#867=VECTOR('',#3495,10.);
#868=VECTOR('',#3498,10.);
#869=VECTOR('',#3501,10.);
#870=VECTOR('',#3504,10.);
#871=VECTOR('',#3507,10.);
#872=VECTOR('',#3510,10.);
#873=VECTOR('',#3513,10.);
#874=VECTOR('',#3514,10.);
#875=VECTOR('',#3517,10.);
#876=VECTOR('',#3520,10.);
#877=VECTOR('',#3523,10.);
#878=VECTOR('',#3524,10.);
#879=VECTOR('',#3527,10.);
#880=VECTOR('',#3530,10.);
#881=VECTOR('',#3533,10.);
#882=VECTOR('',#3534,10.);
#883=VECTOR('',#3537,10.);
#884=VECTOR('',#3538,10.);
#885=VECTOR('',#3549,10.);
#886=VECTOR('',#3550,10.);
#887=VECTOR('',#3553,10.);
#888=VECTOR('',#3556,10.);
#889=VECTOR('',#3561,10.);
#890=VECTOR('',#3564,10.);
#891=VECTOR('',#3567,10.);
#892=VECTOR('',#3570,10.);
#893=VECTOR('',#3573,10.);
#894=VECTOR('',#3576,10.);
#895=VECTOR('',#3581,10.);
#896=VECTOR('',#3584,10.);
#897=CIRCLE('',#2572,1.60000000000001);
#898=CIRCLE('',#2573,1.60000000000001);
#899=CIRCLE('',#2575,1.60000000000001);
#900=CIRCLE('',#2576,1.60000000000001);
#901=CIRCLE('',#2578,1.6);
#902=CIRCLE('',#2579,1.6);
#903=CIRCLE('',#2581,1.6);
#904=CIRCLE('',#2582,1.6);
#905=CIRCLE('',#2584,1.60000000000004);
#906=CIRCLE('',#2585,1.60000000000004);
#907=CIRCLE('',#2587,1.59999999999997);
#908=CIRCLE('',#2588,1.59999999999997);
#909=CIRCLE('',#2590,1.59999999999997);
#910=CIRCLE('',#2591,1.59999999999997);
#911=CIRCLE('',#2593,1.59999999999997);
#912=CIRCLE('',#2594,1.59999999999997);
#913=CIRCLE('',#2596,1.6);
#914=CIRCLE('',#2597,1.6);
#915=CIRCLE('',#2599,1.59999999999997);
#916=CIRCLE('',#2600,1.59999999999997);
#917=CIRCLE('',#2602,1.6);
#918=CIRCLE('',#2603,1.6);
#919=CIRCLE('',#2605,1.6);
#920=CIRCLE('',#2606,1.6);
#921=CIRCLE('',#2608,1.6);
#922=CIRCLE('',#2609,1.6);
#923=CIRCLE('',#2611,1.6);
#924=CIRCLE('',#2612,1.6);
#925=CIRCLE('',#2614,1.59999999999997);
#926=CIRCLE('',#2615,1.59999999999997);
#927=CIRCLE('',#2617,1.6);
#928=CIRCLE('',#2618,1.6);
#929=CIRCLE('',#2620,1.60000000000002);
#930=CIRCLE('',#2621,1.60000000000002);
#931=CIRCLE('',#2623,1.60000000000002);
#932=CIRCLE('',#2624,1.60000000000002);
#933=CIRCLE('',#2626,1.6);
#934=CIRCLE('',#2627,1.6);
#935=CIRCLE('',#2629,1.60000000000004);
#936=CIRCLE('',#2630,1.60000000000004);
#937=CIRCLE('',#2632,1.6);
#938=CIRCLE('',#2633,1.6);
#939=CIRCLE('',#2635,1.6);
#940=CIRCLE('',#2636,1.6);
#941=CIRCLE('',#2638,3.);
#942=CIRCLE('',#2639,3.);
#943=CIRCLE('',#2642,3.);
#944=CIRCLE('',#2643,3.);
#945=CIRCLE('',#2646,3.);
#946=CIRCLE('',#2647,3.);
#947=CIRCLE('',#2650,3.);
#948=CIRCLE('',#2651,3.);
#949=CIRCLE('',#2654,3.);
#950=CIRCLE('',#2655,3.);
#951=CIRCLE('',#2658,3.);
#952=CIRCLE('',#2659,3.);
#953=CIRCLE('',#2662,3.);
#954=CIRCLE('',#2663,3.);
#955=CIRCLE('',#2666,3.);
#956=CIRCLE('',#2667,3.);
#957=CIRCLE('',#2670,3.);
#958=CIRCLE('',#2671,3.);
#959=CIRCLE('',#2674,3.);
#960=CIRCLE('',#2675,3.);
#961=CIRCLE('',#2678,3.);
#962=CIRCLE('',#2679,3.);
#963=CIRCLE('',#2682,3.);
#964=CIRCLE('',#2683,3.);
#965=CIRCLE('',#2686,3.);
#966=CIRCLE('',#2687,3.);
#967=CIRCLE('',#2690,3.);
#968=CIRCLE('',#2691,3.);
#969=CIRCLE('',#2694,3.);
#970=CIRCLE('',#2695,3.);
#971=CIRCLE('',#2698,3.);
#972=CIRCLE('',#2699,3.);
#973=CIRCLE('',#2702,3.);
#974=CIRCLE('',#2703,3.);
#975=CIRCLE('',#2706,3.);
#976=CIRCLE('',#2707,3.);
#977=CIRCLE('',#2710,3.);
#978=CIRCLE('',#2711,3.);
#979=CIRCLE('',#2714,3.);
#980=CIRCLE('',#2715,3.);
#981=CIRCLE('',#2718,3.);
#982=CIRCLE('',#2719,3.);
#983=CIRCLE('',#2722,3.);
#984=CIRCLE('',#2723,3.);
#985=CIRCLE('',#2726,3.);
#986=CIRCLE('',#2727,3.);
#987=CIRCLE('',#2730,3.);
#988=CIRCLE('',#2731,3.);
#989=CIRCLE('',#2734,3.);
#990=CIRCLE('',#2735,3.);
#991=CIRCLE('',#2738,3.);
#992=CIRCLE('',#2739,3.);
#993=CIRCLE('',#2742,3.);
#994=CIRCLE('',#2743,3.);
#995=CIRCLE('',#2746,3.);
#996=CIRCLE('',#2747,3.);
#997=CIRCLE('',#2750,3.);
#998=CIRCLE('',#2751,3.);
#999=CIRCLE('',#2754,3.);
#1000=CIRCLE('',#2755,3.);
#1001=CIRCLE('',#2758,3.);
#1002=CIRCLE('',#2759,3.);
#1003=CIRCLE('',#2762,3.);
#1004=CIRCLE('',#2763,3.);
#1005=CIRCLE('',#2766,3.);
#1006=CIRCLE('',#2767,3.);
#1007=CIRCLE('',#2770,3.);
#1008=CIRCLE('',#2771,3.);
#1009=CIRCLE('',#2774,3.);
#1010=CIRCLE('',#2775,3.);
#1011=CIRCLE('',#2778,3.);
#1012=CIRCLE('',#2779,3.);
#1013=CIRCLE('',#2782,3.);
#1014=CIRCLE('',#2783,3.);
#1015=CIRCLE('',#2784,3.);
#1016=CIRCLE('',#2785,3.);
#1017=CIRCLE('',#2786,3.);
#1018=CIRCLE('',#2787,3.);
#1019=CIRCLE('',#2788,3.);
#1020=CIRCLE('',#2789,3.);
#1021=CIRCLE('',#2793,3.);
#1022=CIRCLE('',#2797,3.);
#1023=CIRCLE('',#2799,3.);
#1024=CIRCLE('',#2802,3.);
#1025=CIRCLE('',#2804,5.);
#1026=CIRCLE('',#2805,4.99999999999993);
#1027=CIRCLE('',#2807,4.99999999999993);
#1028=CIRCLE('',#2808,4.99999999999993);
#1029=CIRCLE('',#2811,3.);
#1030=CIRCLE('',#2814,3.);
#1031=CIRCLE('',#2818,3.);
#1032=CIRCLE('',#2820,3.);
#1033=CIRCLE('',#2823,4.99999999999993);
#1034=CIRCLE('',#2824,4.99999999999993);
#1035=CIRCLE('',#2825,4.99999999999993);
#1036=CIRCLE('',#2826,5.);
#1037=VERTEX_POINT('',#3589);
#1038=VERTEX_POINT('',#3591);
#1039=VERTEX_POINT('',#3595);
#1040=VERTEX_POINT('',#3597);
#1041=VERTEX_POINT('',#3601);
#1042=VERTEX_POINT('',#3603);
#1043=VERTEX_POINT('',#3607);
#1044=VERTEX_POINT('',#3609);
#1045=VERTEX_POINT('',#3613);
#1046=VERTEX_POINT('',#3615);
#1047=VERTEX_POINT('',#3619);
#1048=VERTEX_POINT('',#3621);
#1049=VERTEX_POINT('',#3625);
#1050=VERTEX_POINT('',#3627);
#1051=VERTEX_POINT('',#3631);
#1052=VERTEX_POINT('',#3633);
#1053=VERTEX_POINT('',#3637);
#1054=VERTEX_POINT('',#3639);
#1055=VERTEX_POINT('',#3643);
#1056=VERTEX_POINT('',#3645);
#1057=VERTEX_POINT('',#3649);
#1058=VERTEX_POINT('',#3651);
#1059=VERTEX_POINT('',#3655);
#1060=VERTEX_POINT('',#3657);
#1061=VERTEX_POINT('',#3661);
#1062=VERTEX_POINT('',#3663);
#1063=VERTEX_POINT('',#3667);
#1064=VERTEX_POINT('',#3669);
#1065=VERTEX_POINT('',#3673);
#1066=VERTEX_POINT('',#3675);
#1067=VERTEX_POINT('',#3679);
#1068=VERTEX_POINT('',#3681);
#1069=VERTEX_POINT('',#3685);
#1070=VERTEX_POINT('',#3687);
#1071=VERTEX_POINT('',#3691);
#1072=VERTEX_POINT('',#3693);
#1073=VERTEX_POINT('',#3697);
#1074=VERTEX_POINT('',#3699);
#1075=VERTEX_POINT('',#3703);
#1076=VERTEX_POINT('',#3705);
#1077=VERTEX_POINT('',#3709);
#1078=VERTEX_POINT('',#3711);
#1079=VERTEX_POINT('',#3715);
#1080=VERTEX_POINT('',#3717);
#1081=VERTEX_POINT('',#3721);
#1082=VERTEX_POINT('',#3722);
#1083=VERTEX_POINT('',#3724);
#1084=VERTEX_POINT('',#3726);
#1085=VERTEX_POINT('',#3730);
#1086=VERTEX_POINT('',#3732);
#1087=VERTEX_POINT('',#3736);
#1088=VERTEX_POINT('',#3737);
#1089=VERTEX_POINT('',#3739);
#1090=VERTEX_POINT('',#3741);
#1091=VERTEX_POINT('',#3745);
#1092=VERTEX_POINT('',#3747);
#1093=VERTEX_POINT('',#3751);
#1094=VERTEX_POINT('',#3752);
#1095=VERTEX_POINT('',#3754);
#1096=VERTEX_POINT('',#3756);
#1097=VERTEX_POINT('',#3760);
#1098=VERTEX_POINT('',#3762);
#1099=VERTEX_POINT('',#3766);
#1100=VERTEX_POINT('',#3767);
#1101=VERTEX_POINT('',#3769);
#1102=VERTEX_POINT('',#3771);
#1103=VERTEX_POINT('',#3775);
#1104=VERTEX_POINT('',#3777);
#1105=VERTEX_POINT('',#3781);
#1106=VERTEX_POINT('',#3782);
#1107=VERTEX_POINT('',#3784);
#1108=VERTEX_POINT('',#3786);
#1109=VERTEX_POINT('',#3790);
#1110=VERTEX_POINT('',#3792);
#1111=VERTEX_POINT('',#3796);
#1112=VERTEX_POINT('',#3797);
#1113=VERTEX_POINT('',#3799);
#1114=VERTEX_POINT('',#3801);
#1115=VERTEX_POINT('',#3808);
#1116=VERTEX_POINT('',#3809);
#1117=VERTEX_POINT('',#3811);
#1118=VERTEX_POINT('',#3813);
#1119=VERTEX_POINT('',#3817);
#1120=VERTEX_POINT('',#3819);
#1121=VERTEX_POINT('',#3823);
#1122=VERTEX_POINT('',#3824);
#1123=VERTEX_POINT('',#3826);
#1124=VERTEX_POINT('',#3828);
#1125=VERTEX_POINT('',#3835);
#1126=VERTEX_POINT('',#3836);
#1127=VERTEX_POINT('',#3838);
#1128=VERTEX_POINT('',#3840);
#1129=VERTEX_POINT('',#3847);
#1130=VERTEX_POINT('',#3848);
#1131=VERTEX_POINT('',#3850);
#1132=VERTEX_POINT('',#3852);
#1133=VERTEX_POINT('',#3856);
#1134=VERTEX_POINT('',#3858);
#1135=VERTEX_POINT('',#3862);
#1136=VERTEX_POINT('',#3863);
#1137=VERTEX_POINT('',#3865);
#1138=VERTEX_POINT('',#3867);
#1139=VERTEX_POINT('',#3871);
#1140=VERTEX_POINT('',#3873);
#1141=VERTEX_POINT('',#3877);
#1142=VERTEX_POINT('',#3878);
#1143=VERTEX_POINT('',#3880);
#1144=VERTEX_POINT('',#3882);
#1145=VERTEX_POINT('',#3886);
#1146=VERTEX_POINT('',#3888);
#1147=VERTEX_POINT('',#3892);
#1148=VERTEX_POINT('',#3893);
#1149=VERTEX_POINT('',#3895);
#1150=VERTEX_POINT('',#3897);
#1151=VERTEX_POINT('',#3901);
#1152=VERTEX_POINT('',#3903);
#1153=VERTEX_POINT('',#3907);
#1154=VERTEX_POINT('',#3908);
#1155=VERTEX_POINT('',#3910);
#1156=VERTEX_POINT('',#3912);
#1157=VERTEX_POINT('',#3916);
#1158=VERTEX_POINT('',#3918);
#1159=VERTEX_POINT('',#3922);
#1160=VERTEX_POINT('',#3924);
#1161=VERTEX_POINT('',#3928);
#1162=VERTEX_POINT('',#3930);
#1163=VERTEX_POINT('',#3934);
#1164=VERTEX_POINT('',#3936);
#1165=VERTEX_POINT('',#3943);
#1166=VERTEX_POINT('',#3945);
#1167=VERTEX_POINT('',#3949);
#1168=VERTEX_POINT('',#3951);
#1169=VERTEX_POINT('',#3955);
#1170=VERTEX_POINT('',#3957);
#1171=VERTEX_POINT('',#3961);
#1172=VERTEX_POINT('',#3963);
#1173=VERTEX_POINT('',#3967);
#1174=VERTEX_POINT('',#3969);
#1175=VERTEX_POINT('',#3973);
#1176=VERTEX_POINT('',#3975);
#1177=VERTEX_POINT('',#3979);
#1178=VERTEX_POINT('',#3981);
#1179=VERTEX_POINT('',#3985);
#1180=VERTEX_POINT('',#3987);
#1181=VERTEX_POINT('',#3991);
#1182=VERTEX_POINT('',#3993);
#1183=VERTEX_POINT('',#3997);
#1184=VERTEX_POINT('',#3999);
#1185=VERTEX_POINT('',#4003);
#1186=VERTEX_POINT('',#4005);
#1187=VERTEX_POINT('',#4012);
#1188=VERTEX_POINT('',#4014);
#1189=VERTEX_POINT('',#4021);
#1190=VERTEX_POINT('',#4023);
#1191=VERTEX_POINT('',#4030);
#1192=VERTEX_POINT('',#4032);
#1193=VERTEX_POINT('',#4039);
#1194=VERTEX_POINT('',#4041);
#1195=VERTEX_POINT('',#4045);
#1196=VERTEX_POINT('',#4047);
#1197=VERTEX_POINT('',#4051);
#1198=VERTEX_POINT('',#4053);
#1199=VERTEX_POINT('',#4060);
#1200=VERTEX_POINT('',#4062);
#1201=VERTEX_POINT('',#4066);
#1202=VERTEX_POINT('',#4068);
#1203=VERTEX_POINT('',#4072);
#1204=VERTEX_POINT('',#4074);
#1205=VERTEX_POINT('',#4081);
#1206=VERTEX_POINT('',#4083);
#1207=VERTEX_POINT('',#4090);
#1208=VERTEX_POINT('',#4092);
#1209=VERTEX_POINT('',#4099);
#1210=VERTEX_POINT('',#4101);
#1211=VERTEX_POINT('',#4108);
#1212=VERTEX_POINT('',#4110);
#1213=VERTEX_POINT('',#4117);
#1214=VERTEX_POINT('',#4118);
#1215=VERTEX_POINT('',#4120);
#1216=VERTEX_POINT('',#4122);
#1217=VERTEX_POINT('',#4126);
#1218=VERTEX_POINT('',#4128);
#1219=VERTEX_POINT('',#4132);
#1220=VERTEX_POINT('',#4133);
#1221=VERTEX_POINT('',#4135);
#1222=VERTEX_POINT('',#4137);
#1223=VERTEX_POINT('',#4144);
#1224=VERTEX_POINT('',#4146);
#1225=VERTEX_POINT('',#4153);
#1226=VERTEX_POINT('',#4154);
#1227=VERTEX_POINT('',#4156);
#1228=VERTEX_POINT('',#4158);
#1229=VERTEX_POINT('',#4160);
#1230=VERTEX_POINT('',#4162);
#1231=VERTEX_POINT('',#4164);
#1232=VERTEX_POINT('',#4166);
#1233=VERTEX_POINT('',#4168);
#1234=VERTEX_POINT('',#4170);
#1235=VERTEX_POINT('',#4172);
#1236=VERTEX_POINT('',#4174);
#1237=VERTEX_POINT('',#4176);
#1238=VERTEX_POINT('',#4178);
#1239=VERTEX_POINT('',#4180);
#1240=VERTEX_POINT('',#4182);
#1241=VERTEX_POINT('',#4186);
#1242=VERTEX_POINT('',#4188);
#1243=VERTEX_POINT('',#4192);
#1244=VERTEX_POINT('',#4194);
#1245=VERTEX_POINT('',#4198);
#1246=VERTEX_POINT('',#4200);
#1247=VERTEX_POINT('',#4204);
#1248=VERTEX_POINT('',#4208);
#1249=VERTEX_POINT('',#4210);
#1250=VERTEX_POINT('',#4214);
#1251=VERTEX_POINT('',#4218);
#1252=VERTEX_POINT('',#4222);
#1253=VERTEX_POINT('',#4226);
#1254=VERTEX_POINT('',#4230);
#1255=VERTEX_POINT('',#4232);
#1256=VERTEX_POINT('',#4234);
#1257=VERTEX_POINT('',#4236);
#1258=VERTEX_POINT('',#4240);
#1259=VERTEX_POINT('',#4242);
#1260=VERTEX_POINT('',#4244);
#1261=VERTEX_POINT('',#4246);
#1262=VERTEX_POINT('',#4250);
#1263=VERTEX_POINT('',#4254);
#1264=VERTEX_POINT('',#4256);
#1265=VERTEX_POINT('',#4260);
#1266=VERTEX_POINT('',#4264);
#1267=VERTEX_POINT('',#4266);
#1268=VERTEX_POINT('',#4270);
#1269=VERTEX_POINT('',#4274);
#1270=VERTEX_POINT('',#4282);
#1271=VERTEX_POINT('',#4286);
#1272=VERTEX_POINT('',#4288);
#1273=VERTEX_POINT('',#4290);
#1274=VERTEX_POINT('',#4293);
#1275=VERTEX_POINT('',#4295);
#1276=VERTEX_POINT('',#4297);
#1277=EDGE_CURVE('',#1037,#1037,#897,.T.);
#1278=EDGE_CURVE('',#1037,#1038,#453,.T.);
#1279=EDGE_CURVE('',#1038,#1038,#898,.T.);
#1280=EDGE_CURVE('',#1039,#1039,#899,.T.);
#1281=EDGE_CURVE('',#1039,#1040,#454,.T.);
#1282=EDGE_CURVE('',#1040,#1040,#900,.T.);
#1283=EDGE_CURVE('',#1041,#1041,#901,.T.);
#1284=EDGE_CURVE('',#1041,#1042,#455,.T.);
#1285=EDGE_CURVE('',#1042,#1042,#902,.T.);
#1286=EDGE_CURVE('',#1043,#1043,#903,.T.);
#1287=EDGE_CURVE('',#1043,#1044,#456,.T.);
#1288=EDGE_CURVE('',#1044,#1044,#904,.T.);
#1289=EDGE_CURVE('',#1045,#1045,#905,.T.);
#1290=EDGE_CURVE('',#1045,#1046,#457,.T.);
#1291=EDGE_CURVE('',#1046,#1046,#906,.T.);
#1292=EDGE_CURVE('',#1047,#1047,#907,.T.);
#1293=EDGE_CURVE('',#1047,#1048,#458,.T.);
#1294=EDGE_CURVE('',#1048,#1048,#908,.T.);
#1295=EDGE_CURVE('',#1049,#1049,#909,.T.);
#1296=EDGE_CURVE('',#1049,#1050,#459,.T.);
#1297=EDGE_CURVE('',#1050,#1050,#910,.T.);
#1298=EDGE_CURVE('',#1051,#1051,#911,.T.);
#1299=EDGE_CURVE('',#1051,#1052,#460,.T.);
#1300=EDGE_CURVE('',#1052,#1052,#912,.T.);
#1301=EDGE_CURVE('',#1053,#1053,#913,.T.);
#1302=EDGE_CURVE('',#1053,#1054,#461,.T.);
#1303=EDGE_CURVE('',#1054,#1054,#914,.T.);
#1304=EDGE_CURVE('',#1055,#1055,#915,.T.);
#1305=EDGE_CURVE('',#1055,#1056,#462,.T.);
#1306=EDGE_CURVE('',#1056,#1056,#916,.T.);
#1307=EDGE_CURVE('',#1057,#1057,#917,.T.);
#1308=EDGE_CURVE('',#1057,#1058,#463,.T.);
#1309=EDGE_CURVE('',#1058,#1058,#918,.T.);
#1310=EDGE_CURVE('',#1059,#1059,#919,.T.);
#1311=EDGE_CURVE('',#1059,#1060,#464,.T.);
#1312=EDGE_CURVE('',#1060,#1060,#920,.T.);
#1313=EDGE_CURVE('',#1061,#1061,#921,.T.);
#1314=EDGE_CURVE('',#1061,#1062,#465,.T.);
#1315=EDGE_CURVE('',#1062,#1062,#922,.T.);
#1316=EDGE_CURVE('',#1063,#1063,#923,.T.);
#1317=EDGE_CURVE('',#1063,#1064,#466,.T.);
#1318=EDGE_CURVE('',#1064,#1064,#924,.T.);
#1319=EDGE_CURVE('',#1065,#1065,#925,.T.);
#1320=EDGE_CURVE('',#1065,#1066,#467,.T.);
#1321=EDGE_CURVE('',#1066,#1066,#926,.T.);
#1322=EDGE_CURVE('',#1067,#1067,#927,.T.);
#1323=EDGE_CURVE('',#1067,#1068,#468,.T.);
#1324=EDGE_CURVE('',#1068,#1068,#928,.T.);
#1325=EDGE_CURVE('',#1069,#1069,#929,.T.);
#1326=EDGE_CURVE('',#1069,#1070,#469,.T.);
#1327=EDGE_CURVE('',#1070,#1070,#930,.T.);
#1328=EDGE_CURVE('',#1071,#1071,#931,.T.);
#1329=EDGE_CURVE('',#1071,#1072,#470,.T.);
#1330=EDGE_CURVE('',#1072,#1072,#932,.T.);
#1331=EDGE_CURVE('',#1073,#1073,#933,.T.);
#1332=EDGE_CURVE('',#1073,#1074,#471,.T.);
#1333=EDGE_CURVE('',#1074,#1074,#934,.T.);
#1334=EDGE_CURVE('',#1075,#1075,#935,.T.);
#1335=EDGE_CURVE('',#1075,#1076,#472,.T.);
#1336=EDGE_CURVE('',#1076,#1076,#936,.T.);
#1337=EDGE_CURVE('',#1077,#1077,#937,.T.);
#1338=EDGE_CURVE('',#1077,#1078,#473,.T.);
#1339=EDGE_CURVE('',#1078,#1078,#938,.T.);
#1340=EDGE_CURVE('',#1079,#1079,#939,.T.);
#1341=EDGE_CURVE('',#1079,#1080,#474,.T.);
#1342=EDGE_CURVE('',#1080,#1080,#940,.T.);
#1343=EDGE_CURVE('',#1081,#1082,#941,.T.);
#1344=EDGE_CURVE('',#1082,#1083,#475,.T.);
#1345=EDGE_CURVE('',#1083,#1084,#942,.T.);
#1346=EDGE_CURVE('',#1084,#1081,#476,.T.);
#1347=EDGE_CURVE('',#1085,#1082,#477,.T.);
#1348=EDGE_CURVE('',#1086,#1085,#478,.T.);
#1349=EDGE_CURVE('',#1083,#1086,#479,.T.);
#1350=EDGE_CURVE('',#1087,#1088,#943,.T.);
#1351=EDGE_CURVE('',#1088,#1089,#480,.T.);
#1352=EDGE_CURVE('',#1089,#1090,#944,.T.);
#1353=EDGE_CURVE('',#1090,#1087,#481,.T.);
#1354=EDGE_CURVE('',#1091,#1088,#482,.T.);
#1355=EDGE_CURVE('',#1092,#1091,#483,.T.);
#1356=EDGE_CURVE('',#1089,#1092,#484,.T.);
#1357=EDGE_CURVE('',#1093,#1094,#945,.T.);
#1358=EDGE_CURVE('',#1094,#1095,#485,.T.);
#1359=EDGE_CURVE('',#1095,#1096,#946,.T.);
#1360=EDGE_CURVE('',#1096,#1093,#486,.T.);
#1361=EDGE_CURVE('',#1097,#1094,#487,.T.);
#1362=EDGE_CURVE('',#1098,#1097,#488,.T.);
#1363=EDGE_CURVE('',#1095,#1098,#489,.T.);
#1364=EDGE_CURVE('',#1099,#1100,#947,.T.);
#1365=EDGE_CURVE('',#1100,#1101,#490,.T.);
#1366=EDGE_CURVE('',#1101,#1102,#948,.T.);
#1367=EDGE_CURVE('',#1102,#1099,#491,.T.);
#1368=EDGE_CURVE('',#1103,#1100,#492,.T.);
#1369=EDGE_CURVE('',#1104,#1103,#493,.T.);
#1370=EDGE_CURVE('',#1101,#1104,#494,.T.);
#1371=EDGE_CURVE('',#1105,#1106,#949,.T.);
#1372=EDGE_CURVE('',#1106,#1107,#495,.T.);
#1373=EDGE_CURVE('',#1107,#1108,#950,.T.);
#1374=EDGE_CURVE('',#1108,#1105,#496,.T.);
#1375=EDGE_CURVE('',#1109,#1106,#497,.T.);
#1376=EDGE_CURVE('',#1110,#1109,#498,.T.);
#1377=EDGE_CURVE('',#1107,#1110,#499,.T.);
#1378=EDGE_CURVE('',#1111,#1112,#951,.T.);
#1379=EDGE_CURVE('',#1112,#1113,#500,.T.);
#1380=EDGE_CURVE('',#1113,#1114,#952,.T.);
#1381=EDGE_CURVE('',#1114,#1111,#501,.T.);
#1382=EDGE_CURVE('',#1113,#1102,#502,.T.);
#1383=EDGE_CURVE('',#1099,#1112,#503,.T.);
#1384=EDGE_CURVE('',#1115,#1116,#953,.T.);
#1385=EDGE_CURVE('',#1116,#1117,#504,.T.);
#1386=EDGE_CURVE('',#1117,#1118,#954,.T.);
#1387=EDGE_CURVE('',#1118,#1115,#505,.T.);
#1388=EDGE_CURVE('',#1119,#1116,#506,.T.);
#1389=EDGE_CURVE('',#1120,#1119,#507,.T.);
#1390=EDGE_CURVE('',#1117,#1120,#508,.T.);
#1391=EDGE_CURVE('',#1121,#1122,#955,.T.);
#1392=EDGE_CURVE('',#1122,#1123,#509,.T.);
#1393=EDGE_CURVE('',#1123,#1124,#956,.T.);
#1394=EDGE_CURVE('',#1124,#1121,#510,.T.);
#1395=EDGE_CURVE('',#1123,#1096,#511,.T.);
#1396=EDGE_CURVE('',#1093,#1122,#512,.T.);
#1397=EDGE_CURVE('',#1125,#1126,#957,.T.);
#1398=EDGE_CURVE('',#1126,#1127,#513,.T.);
#1399=EDGE_CURVE('',#1127,#1128,#958,.T.);
#1400=EDGE_CURVE('',#1128,#1125,#514,.T.);
#1401=EDGE_CURVE('',#1127,#1090,#515,.T.);
#1402=EDGE_CURVE('',#1087,#1126,#516,.T.);
#1403=EDGE_CURVE('',#1129,#1130,#959,.T.);
#1404=EDGE_CURVE('',#1130,#1131,#517,.T.);
#1405=EDGE_CURVE('',#1131,#1132,#960,.T.);
#1406=EDGE_CURVE('',#1132,#1129,#518,.T.);
#1407=EDGE_CURVE('',#1133,#1130,#519,.T.);
#1408=EDGE_CURVE('',#1134,#1133,#520,.T.);
#1409=EDGE_CURVE('',#1131,#1134,#521,.T.);
#1410=EDGE_CURVE('',#1135,#1136,#961,.T.);
#1411=EDGE_CURVE('',#1136,#1137,#522,.T.);
#1412=EDGE_CURVE('',#1137,#1138,#962,.T.);
#1413=EDGE_CURVE('',#1138,#1135,#523,.T.);
#1414=EDGE_CURVE('',#1139,#1136,#524,.T.);
#1415=EDGE_CURVE('',#1140,#1139,#525,.T.);
#1416=EDGE_CURVE('',#1137,#1140,#526,.T.);
#1417=EDGE_CURVE('',#1141,#1142,#963,.T.);
#1418=EDGE_CURVE('',#1142,#1143,#527,.T.);
#1419=EDGE_CURVE('',#1143,#1144,#964,.T.);
#1420=EDGE_CURVE('',#1144,#1141,#528,.T.);
#1421=EDGE_CURVE('',#1145,#1142,#529,.T.);
#1422=EDGE_CURVE('',#1146,#1145,#530,.T.);
#1423=EDGE_CURVE('',#1143,#1146,#531,.T.);
#1424=EDGE_CURVE('',#1147,#1148,#965,.T.);
#1425=EDGE_CURVE('',#1148,#1149,#532,.T.);
#1426=EDGE_CURVE('',#1149,#1150,#966,.T.);
#1427=EDGE_CURVE('',#1150,#1147,#533,.T.);
#1428=EDGE_CURVE('',#1151,#1148,#534,.T.);
#1429=EDGE_CURVE('',#1152,#1151,#535,.T.);
#1430=EDGE_CURVE('',#1149,#1152,#536,.T.);
#1431=EDGE_CURVE('',#1153,#1154,#967,.T.);
#1432=EDGE_CURVE('',#1154,#1155,#537,.T.);
#1433=EDGE_CURVE('',#1155,#1156,#968,.T.);
#1434=EDGE_CURVE('',#1156,#1153,#538,.T.);
#1435=EDGE_CURVE('',#1157,#1154,#539,.T.);
#1436=EDGE_CURVE('',#1158,#1157,#540,.T.);
#1437=EDGE_CURVE('',#1155,#1158,#541,.T.);
#1438=EDGE_CURVE('',#1085,#1159,#969,.T.);
#1439=EDGE_CURVE('',#1159,#1160,#542,.T.);
#1440=EDGE_CURVE('',#1160,#1086,#970,.T.);
#1441=EDGE_CURVE('',#1161,#1159,#543,.T.);
#1442=EDGE_CURVE('',#1162,#1161,#544,.T.);
#1443=EDGE_CURVE('',#1160,#1162,#545,.T.);
#1444=EDGE_CURVE('',#1161,#1163,#971,.T.);
#1445=EDGE_CURVE('',#1163,#1164,#546,.T.);
#1446=EDGE_CURVE('',#1164,#1162,#972,.T.);
#1447=EDGE_CURVE('',#1164,#1084,#547,.T.);
#1448=EDGE_CURVE('',#1081,#1163,#548,.T.);
#1449=EDGE_CURVE('',#1157,#1165,#973,.T.);
#1450=EDGE_CURVE('',#1165,#1166,#549,.T.);
#1451=EDGE_CURVE('',#1166,#1158,#974,.T.);
#1452=EDGE_CURVE('',#1167,#1165,#550,.T.);
#1453=EDGE_CURVE('',#1168,#1167,#551,.T.);
#1454=EDGE_CURVE('',#1166,#1168,#552,.T.);
#1455=EDGE_CURVE('',#1145,#1169,#975,.T.);
#1456=EDGE_CURVE('',#1169,#1170,#553,.T.);
#1457=EDGE_CURVE('',#1170,#1146,#976,.T.);
#1458=EDGE_CURVE('',#1171,#1169,#554,.T.);
#1459=EDGE_CURVE('',#1172,#1171,#555,.T.);
#1460=EDGE_CURVE('',#1170,#1172,#556,.T.);
#1461=EDGE_CURVE('',#1139,#1173,#977,.T.);
#1462=EDGE_CURVE('',#1173,#1174,#557,.T.);
#1463=EDGE_CURVE('',#1174,#1140,#978,.T.);
#1464=EDGE_CURVE('',#1175,#1173,#558,.T.);
#1465=EDGE_CURVE('',#1176,#1175,#559,.T.);
#1466=EDGE_CURVE('',#1174,#1176,#560,.T.);
#1467=EDGE_CURVE('',#1133,#1177,#979,.T.);
#1468=EDGE_CURVE('',#1177,#1178,#561,.T.);
#1469=EDGE_CURVE('',#1178,#1134,#980,.T.);
#1470=EDGE_CURVE('',#1179,#1177,#562,.T.);
#1471=EDGE_CURVE('',#1180,#1179,#563,.T.);
#1472=EDGE_CURVE('',#1178,#1180,#564,.T.);
#1473=EDGE_CURVE('',#1151,#1181,#981,.T.);
#1474=EDGE_CURVE('',#1181,#1182,#565,.T.);
#1475=EDGE_CURVE('',#1182,#1152,#982,.T.);
#1476=EDGE_CURVE('',#1183,#1181,#566,.T.);
#1477=EDGE_CURVE('',#1184,#1183,#567,.T.);
#1478=EDGE_CURVE('',#1182,#1184,#568,.T.);
#1479=EDGE_CURVE('',#1179,#1185,#983,.T.);
#1480=EDGE_CURVE('',#1185,#1186,#569,.T.);
#1481=EDGE_CURVE('',#1186,#1180,#984,.T.);
#1482=EDGE_CURVE('',#1186,#1132,#570,.T.);
#1483=EDGE_CURVE('',#1129,#1185,#571,.T.);
#1484=EDGE_CURVE('',#1175,#1187,#985,.T.);
#1485=EDGE_CURVE('',#1187,#1188,#572,.T.);
#1486=EDGE_CURVE('',#1188,#1176,#986,.T.);
#1487=EDGE_CURVE('',#1188,#1138,#573,.T.);
#1488=EDGE_CURVE('',#1135,#1187,#574,.T.);
#1489=EDGE_CURVE('',#1171,#1189,#987,.T.);
#1490=EDGE_CURVE('',#1189,#1190,#575,.T.);
#1491=EDGE_CURVE('',#1190,#1172,#988,.T.);
#1492=EDGE_CURVE('',#1190,#1144,#576,.T.);
#1493=EDGE_CURVE('',#1141,#1189,#577,.T.);
#1494=EDGE_CURVE('',#1183,#1191,#989,.T.);
#1495=EDGE_CURVE('',#1191,#1192,#578,.T.);
#1496=EDGE_CURVE('',#1192,#1184,#990,.T.);
#1497=EDGE_CURVE('',#1192,#1150,#579,.T.);
#1498=EDGE_CURVE('',#1147,#1191,#580,.T.);
#1499=EDGE_CURVE('',#1119,#1193,#991,.T.);
#1500=EDGE_CURVE('',#1193,#1194,#581,.T.);
#1501=EDGE_CURVE('',#1194,#1120,#992,.T.);
#1502=EDGE_CURVE('',#1195,#1193,#582,.T.);
#1503=EDGE_CURVE('',#1196,#1195,#583,.T.);
#1504=EDGE_CURVE('',#1194,#1196,#584,.T.);
#1505=EDGE_CURVE('',#1167,#1197,#993,.T.);
#1506=EDGE_CURVE('',#1197,#1198,#585,.T.);
#1507=EDGE_CURVE('',#1198,#1168,#994,.T.);
#1508=EDGE_CURVE('',#1198,#1156,#586,.T.);
#1509=EDGE_CURVE('',#1153,#1197,#587,.T.);
#1510=EDGE_CURVE('',#1109,#1199,#995,.T.);
#1511=EDGE_CURVE('',#1199,#1200,#588,.T.);
#1512=EDGE_CURVE('',#1200,#1110,#996,.T.);
#1513=EDGE_CURVE('',#1201,#1199,#589,.T.);
#1514=EDGE_CURVE('',#1202,#1201,#590,.T.);
#1515=EDGE_CURVE('',#1200,#1202,#591,.T.);
#1516=EDGE_CURVE('',#1201,#1203,#997,.T.);
#1517=EDGE_CURVE('',#1203,#1204,#592,.T.);
#1518=EDGE_CURVE('',#1204,#1202,#998,.T.);
#1519=EDGE_CURVE('',#1204,#1108,#593,.T.);
#1520=EDGE_CURVE('',#1105,#1203,#594,.T.);
#1521=EDGE_CURVE('',#1103,#1205,#999,.T.);
#1522=EDGE_CURVE('',#1205,#1206,#595,.T.);
#1523=EDGE_CURVE('',#1206,#1104,#1000,.T.);
#1524=EDGE_CURVE('',#1206,#1114,#596,.T.);
#1525=EDGE_CURVE('',#1111,#1205,#597,.T.);
#1526=EDGE_CURVE('',#1195,#1207,#1001,.T.);
#1527=EDGE_CURVE('',#1207,#1208,#598,.T.);
#1528=EDGE_CURVE('',#1208,#1196,#1002,.T.);
#1529=EDGE_CURVE('',#1208,#1118,#599,.T.);
#1530=EDGE_CURVE('',#1115,#1207,#600,.T.);
#1531=EDGE_CURVE('',#1097,#1209,#1003,.T.);
#1532=EDGE_CURVE('',#1209,#1210,#601,.T.);
#1533=EDGE_CURVE('',#1210,#1098,#1004,.T.);
#1534=EDGE_CURVE('',#1210,#1124,#602,.T.);
#1535=EDGE_CURVE('',#1121,#1209,#603,.T.);
#1536=EDGE_CURVE('',#1091,#1211,#1005,.T.);
#1537=EDGE_CURVE('',#1211,#1212,#604,.T.);
#1538=EDGE_CURVE('',#1212,#1092,#1006,.T.);
#1539=EDGE_CURVE('',#1212,#1128,#605,.T.);
#1540=EDGE_CURVE('',#1125,#1211,#606,.T.);
#1541=EDGE_CURVE('',#1213,#1214,#1007,.T.);
#1542=EDGE_CURVE('',#1214,#1215,#607,.T.);
#1543=EDGE_CURVE('',#1215,#1216,#1008,.T.);
#1544=EDGE_CURVE('',#1216,#1213,#608,.T.);
#1545=EDGE_CURVE('',#1217,#1214,#609,.T.);
#1546=EDGE_CURVE('',#1218,#1217,#610,.T.);
#1547=EDGE_CURVE('',#1215,#1218,#611,.T.);
#1548=EDGE_CURVE('',#1219,#1220,#1009,.T.);
#1549=EDGE_CURVE('',#1220,#1221,#612,.T.);
#1550=EDGE_CURVE('',#1221,#1222,#1010,.T.);
#1551=EDGE_CURVE('',#1222,#1219,#613,.T.);
#1552=EDGE_CURVE('',#1221,#1216,#614,.T.);
#1553=EDGE_CURVE('',#1213,#1220,#615,.T.);
#1554=EDGE_CURVE('',#1217,#1223,#1011,.T.);
#1555=EDGE_CURVE('',#1223,#1224,#616,.T.);
#1556=EDGE_CURVE('',#1224,#1218,#1012,.T.);
#1557=EDGE_CURVE('',#1224,#1222,#617,.T.);
#1558=EDGE_CURVE('',#1219,#1223,#618,.T.);
#1559=EDGE_CURVE('',#1225,#1226,#619,.T.);
#1560=EDGE_CURVE('',#1227,#1225,#1013,.T.);
#1561=EDGE_CURVE('',#1228,#1227,#620,.T.);
#1562=EDGE_CURVE('',#1229,#1228,#1014,.T.);
#1563=EDGE_CURVE('',#1229,#1230,#621,.T.);
#1564=EDGE_CURVE('',#1231,#1230,#1015,.T.);
#1565=EDGE_CURVE('',#1232,#1231,#622,.T.);
#1566=EDGE_CURVE('',#1233,#1232,#1016,.T.);
#1567=EDGE_CURVE('',#1234,#1233,#623,.T.);
#1568=EDGE_CURVE('',#1235,#1234,#1017,.T.);
#1569=EDGE_CURVE('',#1236,#1235,#624,.T.);
#1570=EDGE_CURVE('',#1237,#1236,#1018,.T.);
#1571=EDGE_CURVE('',#1238,#1237,#625,.T.);
#1572=EDGE_CURVE('',#1239,#1238,#1019,.T.);
#1573=EDGE_CURVE('',#1240,#1239,#626,.T.);
#1574=EDGE_CURVE('',#1226,#1240,#1020,.T.);
#1575=EDGE_CURVE('',#1241,#1238,#627,.T.);
#1576=EDGE_CURVE('',#1237,#1242,#628,.T.);
#1577=EDGE_CURVE('',#1241,#1242,#629,.T.);
#1578=EDGE_CURVE('',#1229,#1243,#630,.T.);
#1579=EDGE_CURVE('',#1244,#1243,#631,.T.);
#1580=EDGE_CURVE('',#1244,#1230,#632,.T.);
#1581=EDGE_CURVE('',#1240,#1245,#633,.T.);
#1582=EDGE_CURVE('',#1245,#1246,#1021,.T.);
#1583=EDGE_CURVE('',#1246,#1226,#634,.T.);
#1584=EDGE_CURVE('',#1247,#1239,#635,.T.);
#1585=EDGE_CURVE('',#1245,#1247,#636,.T.);
#1586=EDGE_CURVE('',#1248,#1233,#637,.T.);
#1587=EDGE_CURVE('',#1249,#1248,#638,.T.);
#1588=EDGE_CURVE('',#1234,#1249,#639,.T.);
#1589=EDGE_CURVE('',#1238,#1250,#640,.T.);
#1590=EDGE_CURVE('',#1250,#1247,#1022,.T.);
#1591=EDGE_CURVE('',#1232,#1251,#641,.T.);
#1592=EDGE_CURVE('',#1251,#1248,#1023,.T.);
#1593=EDGE_CURVE('',#1252,#1231,#642,.T.);
#1594=EDGE_CURVE('',#1251,#1252,#643,.T.);
#1595=EDGE_CURVE('',#1230,#1253,#644,.T.);
#1596=EDGE_CURVE('',#1253,#1252,#1024,.T.);
#1597=EDGE_CURVE('',#1243,#1254,#645,.T.);
#1598=EDGE_CURVE('',#1255,#1254,#1025,.T.);
#1599=EDGE_CURVE('',#1255,#1256,#646,.T.);
#1600=EDGE_CURVE('',#1257,#1256,#1026,.T.);
#1601=EDGE_CURVE('',#1257,#1244,#647,.T.);
#1602=EDGE_CURVE('',#1242,#1258,#648,.T.);
#1603=EDGE_CURVE('',#1259,#1258,#1027,.T.);
#1604=EDGE_CURVE('',#1259,#1260,#649,.T.);
#1605=EDGE_CURVE('',#1261,#1260,#1028,.T.);
#1606=EDGE_CURVE('',#1261,#1241,#650,.T.);
#1607=EDGE_CURVE('',#1257,#1262,#651,.T.);
#1608=EDGE_CURVE('',#1253,#1262,#652,.T.);
#1609=EDGE_CURVE('',#1236,#1263,#653,.T.);
#1610=EDGE_CURVE('',#1263,#1264,#1029,.T.);
#1611=EDGE_CURVE('',#1264,#1237,#654,.T.);
#1612=EDGE_CURVE('',#1265,#1235,#655,.T.);
#1613=EDGE_CURVE('',#1263,#1265,#656,.T.);
#1614=EDGE_CURVE('',#1228,#1266,#657,.T.);
#1615=EDGE_CURVE('',#1266,#1267,#1030,.T.);
#1616=EDGE_CURVE('',#1267,#1229,#658,.T.);
#1617=EDGE_CURVE('',#1268,#1227,#659,.T.);
#1618=EDGE_CURVE('',#1266,#1268,#660,.T.);
#1619=EDGE_CURVE('',#1269,#1246,#661,.T.);
#1620=EDGE_CURVE('',#1225,#1269,#662,.T.);
#1621=EDGE_CURVE('',#1269,#1268,#1031,.T.);
#1622=EDGE_CURVE('',#1249,#1265,#1032,.T.);
#1623=EDGE_CURVE('',#1270,#1264,#663,.T.);
#1624=EDGE_CURVE('',#1258,#1270,#664,.T.);
#1625=EDGE_CURVE('',#1250,#1271,#665,.T.);
#1626=EDGE_CURVE('',#1271,#1272,#1033,.T.);
#1627=EDGE_CURVE('',#1272,#1273,#666,.T.);
#1628=EDGE_CURVE('',#1273,#1270,#1034,.T.);
#1629=EDGE_CURVE('',#1262,#1274,#1035,.T.);
#1630=EDGE_CURVE('',#1274,#1275,#667,.T.);
#1631=EDGE_CURVE('',#1275,#1276,#1036,.T.);
#1632=EDGE_CURVE('',#1276,#1267,#668,.T.);
#1633=EDGE_CURVE('',#1261,#1271,#669,.T.);
#1634=EDGE_CURVE('',#1254,#1276,#670,.T.);
#1635=EDGE_CURVE('',#1259,#1273,#671,.T.);
#1636=EDGE_CURVE('',#1260,#1272,#672,.T.);
#1637=EDGE_CURVE('',#1255,#1275,#673,.T.);
#1638=EDGE_CURVE('',#1256,#1274,#674,.T.);
#1639=ORIENTED_EDGE('',*,*,#1277,.F.);
#1640=ORIENTED_EDGE('',*,*,#1278,.T.);
#1641=ORIENTED_EDGE('',*,*,#1279,.F.);
#1642=ORIENTED_EDGE('',*,*,#1278,.F.);
#1643=ORIENTED_EDGE('',*,*,#1280,.F.);
#1644=ORIENTED_EDGE('',*,*,#1281,.T.);
#1645=ORIENTED_EDGE('',*,*,#1282,.F.);
#1646=ORIENTED_EDGE('',*,*,#1281,.F.);
#1647=ORIENTED_EDGE('',*,*,#1283,.F.);
#1648=ORIENTED_EDGE('',*,*,#1284,.T.);
#1649=ORIENTED_EDGE('',*,*,#1285,.F.);
#1650=ORIENTED_EDGE('',*,*,#1284,.F.);
#1651=ORIENTED_EDGE('',*,*,#1286,.F.);
#1652=ORIENTED_EDGE('',*,*,#1287,.T.);
#1653=ORIENTED_EDGE('',*,*,#1288,.F.);
#1654=ORIENTED_EDGE('',*,*,#1287,.F.);
#1655=ORIENTED_EDGE('',*,*,#1289,.F.);
#1656=ORIENTED_EDGE('',*,*,#1290,.T.);
#1657=ORIENTED_EDGE('',*,*,#1291,.F.);
#1658=ORIENTED_EDGE('',*,*,#1290,.F.);
#1659=ORIENTED_EDGE('',*,*,#1292,.F.);
#1660=ORIENTED_EDGE('',*,*,#1293,.T.);
#1661=ORIENTED_EDGE('',*,*,#1294,.F.);
#1662=ORIENTED_EDGE('',*,*,#1293,.F.);
#1663=ORIENTED_EDGE('',*,*,#1295,.F.);
#1664=ORIENTED_EDGE('',*,*,#1296,.T.);
#1665=ORIENTED_EDGE('',*,*,#1297,.F.);
#1666=ORIENTED_EDGE('',*,*,#1296,.F.);
#1667=ORIENTED_EDGE('',*,*,#1298,.F.);
#1668=ORIENTED_EDGE('',*,*,#1299,.T.);
#1669=ORIENTED_EDGE('',*,*,#1300,.F.);
#1670=ORIENTED_EDGE('',*,*,#1299,.F.);
#1671=ORIENTED_EDGE('',*,*,#1301,.F.);
#1672=ORIENTED_EDGE('',*,*,#1302,.T.);
#1673=ORIENTED_EDGE('',*,*,#1303,.F.);
#1674=ORIENTED_EDGE('',*,*,#1302,.F.);
#1675=ORIENTED_EDGE('',*,*,#1304,.F.);
#1676=ORIENTED_EDGE('',*,*,#1305,.T.);
#1677=ORIENTED_EDGE('',*,*,#1306,.F.);
#1678=ORIENTED_EDGE('',*,*,#1305,.F.);
#1679=ORIENTED_EDGE('',*,*,#1307,.F.);
#1680=ORIENTED_EDGE('',*,*,#1308,.T.);
#1681=ORIENTED_EDGE('',*,*,#1309,.F.);
#1682=ORIENTED_EDGE('',*,*,#1308,.F.);
#1683=ORIENTED_EDGE('',*,*,#1310,.F.);
#1684=ORIENTED_EDGE('',*,*,#1311,.T.);
#1685=ORIENTED_EDGE('',*,*,#1312,.F.);
#1686=ORIENTED_EDGE('',*,*,#1311,.F.);
#1687=ORIENTED_EDGE('',*,*,#1313,.F.);
#1688=ORIENTED_EDGE('',*,*,#1314,.T.);
#1689=ORIENTED_EDGE('',*,*,#1315,.F.);
#1690=ORIENTED_EDGE('',*,*,#1314,.F.);
#1691=ORIENTED_EDGE('',*,*,#1316,.F.);
#1692=ORIENTED_EDGE('',*,*,#1317,.T.);
#1693=ORIENTED_EDGE('',*,*,#1318,.F.);
#1694=ORIENTED_EDGE('',*,*,#1317,.F.);
#1695=ORIENTED_EDGE('',*,*,#1319,.F.);
#1696=ORIENTED_EDGE('',*,*,#1320,.T.);
#1697=ORIENTED_EDGE('',*,*,#1321,.F.);
#1698=ORIENTED_EDGE('',*,*,#1320,.F.);
#1699=ORIENTED_EDGE('',*,*,#1322,.F.);
#1700=ORIENTED_EDGE('',*,*,#1323,.T.);
#1701=ORIENTED_EDGE('',*,*,#1324,.F.);
#1702=ORIENTED_EDGE('',*,*,#1323,.F.);
#1703=ORIENTED_EDGE('',*,*,#1325,.F.);
#1704=ORIENTED_EDGE('',*,*,#1326,.T.);
#1705=ORIENTED_EDGE('',*,*,#1327,.F.);
#1706=ORIENTED_EDGE('',*,*,#1326,.F.);
#1707=ORIENTED_EDGE('',*,*,#1328,.F.);
#1708=ORIENTED_EDGE('',*,*,#1329,.T.);
#1709=ORIENTED_EDGE('',*,*,#1330,.F.);
#1710=ORIENTED_EDGE('',*,*,#1329,.F.);
#1711=ORIENTED_EDGE('',*,*,#1331,.F.);
#1712=ORIENTED_EDGE('',*,*,#1332,.T.);
#1713=ORIENTED_EDGE('',*,*,#1333,.F.);
#1714=ORIENTED_EDGE('',*,*,#1332,.F.);
#1715=ORIENTED_EDGE('',*,*,#1334,.F.);
#1716=ORIENTED_EDGE('',*,*,#1335,.T.);
#1717=ORIENTED_EDGE('',*,*,#1336,.F.);
#1718=ORIENTED_EDGE('',*,*,#1335,.F.);
#1719=ORIENTED_EDGE('',*,*,#1337,.F.);
#1720=ORIENTED_EDGE('',*,*,#1338,.T.);
#1721=ORIENTED_EDGE('',*,*,#1339,.F.);
#1722=ORIENTED_EDGE('',*,*,#1338,.F.);
#1723=ORIENTED_EDGE('',*,*,#1340,.F.);
#1724=ORIENTED_EDGE('',*,*,#1341,.T.);
#1725=ORIENTED_EDGE('',*,*,#1342,.F.);
#1726=ORIENTED_EDGE('',*,*,#1341,.F.);
#1727=ORIENTED_EDGE('',*,*,#1343,.T.);
#1728=ORIENTED_EDGE('',*,*,#1344,.T.);
#1729=ORIENTED_EDGE('',*,*,#1345,.T.);
#1730=ORIENTED_EDGE('',*,*,#1346,.T.);
#1731=ORIENTED_EDGE('',*,*,#1344,.F.);
#1732=ORIENTED_EDGE('',*,*,#1347,.F.);
#1733=ORIENTED_EDGE('',*,*,#1348,.F.);
#1734=ORIENTED_EDGE('',*,*,#1349,.F.);
#1735=ORIENTED_EDGE('',*,*,#1350,.T.);
#1736=ORIENTED_EDGE('',*,*,#1351,.T.);
#1737=ORIENTED_EDGE('',*,*,#1352,.T.);
#1738=ORIENTED_EDGE('',*,*,#1353,.T.);
#1739=ORIENTED_EDGE('',*,*,#1351,.F.);
#1740=ORIENTED_EDGE('',*,*,#1354,.F.);
#1741=ORIENTED_EDGE('',*,*,#1355,.F.);
#1742=ORIENTED_EDGE('',*,*,#1356,.F.);
#1743=ORIENTED_EDGE('',*,*,#1357,.T.);
#1744=ORIENTED_EDGE('',*,*,#1358,.T.);
#1745=ORIENTED_EDGE('',*,*,#1359,.T.);
#1746=ORIENTED_EDGE('',*,*,#1360,.T.);
#1747=ORIENTED_EDGE('',*,*,#1358,.F.);
#1748=ORIENTED_EDGE('',*,*,#1361,.F.);
#1749=ORIENTED_EDGE('',*,*,#1362,.F.);
#1750=ORIENTED_EDGE('',*,*,#1363,.F.);
#1751=ORIENTED_EDGE('',*,*,#1364,.T.);
#1752=ORIENTED_EDGE('',*,*,#1365,.T.);
#1753=ORIENTED_EDGE('',*,*,#1366,.T.);
#1754=ORIENTED_EDGE('',*,*,#1367,.T.);
#1755=ORIENTED_EDGE('',*,*,#1365,.F.);
#1756=ORIENTED_EDGE('',*,*,#1368,.F.);
#1757=ORIENTED_EDGE('',*,*,#1369,.F.);
#1758=ORIENTED_EDGE('',*,*,#1370,.F.);
#1759=ORIENTED_EDGE('',*,*,#1371,.T.);
#1760=ORIENTED_EDGE('',*,*,#1372,.T.);
#1761=ORIENTED_EDGE('',*,*,#1373,.T.);
#1762=ORIENTED_EDGE('',*,*,#1374,.T.);
#1763=ORIENTED_EDGE('',*,*,#1372,.F.);
#1764=ORIENTED_EDGE('',*,*,#1375,.F.);
#1765=ORIENTED_EDGE('',*,*,#1376,.F.);
#1766=ORIENTED_EDGE('',*,*,#1377,.F.);
#1767=ORIENTED_EDGE('',*,*,#1378,.T.);
#1768=ORIENTED_EDGE('',*,*,#1379,.T.);
#1769=ORIENTED_EDGE('',*,*,#1380,.T.);
#1770=ORIENTED_EDGE('',*,*,#1381,.T.);
#1771=ORIENTED_EDGE('',*,*,#1367,.F.);
#1772=ORIENTED_EDGE('',*,*,#1382,.F.);
#1773=ORIENTED_EDGE('',*,*,#1379,.F.);
#1774=ORIENTED_EDGE('',*,*,#1383,.F.);
#1775=ORIENTED_EDGE('',*,*,#1384,.T.);
#1776=ORIENTED_EDGE('',*,*,#1385,.T.);
#1777=ORIENTED_EDGE('',*,*,#1386,.T.);
#1778=ORIENTED_EDGE('',*,*,#1387,.T.);
#1779=ORIENTED_EDGE('',*,*,#1385,.F.);
#1780=ORIENTED_EDGE('',*,*,#1388,.F.);
#1781=ORIENTED_EDGE('',*,*,#1389,.F.);
#1782=ORIENTED_EDGE('',*,*,#1390,.F.);
#1783=ORIENTED_EDGE('',*,*,#1391,.T.);
#1784=ORIENTED_EDGE('',*,*,#1392,.T.);
#1785=ORIENTED_EDGE('',*,*,#1393,.T.);
#1786=ORIENTED_EDGE('',*,*,#1394,.T.);
#1787=ORIENTED_EDGE('',*,*,#1360,.F.);
#1788=ORIENTED_EDGE('',*,*,#1395,.F.);
#1789=ORIENTED_EDGE('',*,*,#1392,.F.);
#1790=ORIENTED_EDGE('',*,*,#1396,.F.);
#1791=ORIENTED_EDGE('',*,*,#1397,.T.);
#1792=ORIENTED_EDGE('',*,*,#1398,.T.);
#1793=ORIENTED_EDGE('',*,*,#1399,.T.);
#1794=ORIENTED_EDGE('',*,*,#1400,.T.);
#1795=ORIENTED_EDGE('',*,*,#1353,.F.);
#1796=ORIENTED_EDGE('',*,*,#1401,.F.);
#1797=ORIENTED_EDGE('',*,*,#1398,.F.);
#1798=ORIENTED_EDGE('',*,*,#1402,.F.);
#1799=ORIENTED_EDGE('',*,*,#1403,.T.);
#1800=ORIENTED_EDGE('',*,*,#1404,.T.);
#1801=ORIENTED_EDGE('',*,*,#1405,.T.);
#1802=ORIENTED_EDGE('',*,*,#1406,.T.);
#1803=ORIENTED_EDGE('',*,*,#1404,.F.);
#1804=ORIENTED_EDGE('',*,*,#1407,.F.);
#1805=ORIENTED_EDGE('',*,*,#1408,.F.);
#1806=ORIENTED_EDGE('',*,*,#1409,.F.);
#1807=ORIENTED_EDGE('',*,*,#1410,.T.);
#1808=ORIENTED_EDGE('',*,*,#1411,.T.);
#1809=ORIENTED_EDGE('',*,*,#1412,.T.);
#1810=ORIENTED_EDGE('',*,*,#1413,.T.);
#1811=ORIENTED_EDGE('',*,*,#1411,.F.);
#1812=ORIENTED_EDGE('',*,*,#1414,.F.);
#1813=ORIENTED_EDGE('',*,*,#1415,.F.);
#1814=ORIENTED_EDGE('',*,*,#1416,.F.);
#1815=ORIENTED_EDGE('',*,*,#1417,.T.);
#1816=ORIENTED_EDGE('',*,*,#1418,.T.);
#1817=ORIENTED_EDGE('',*,*,#1419,.T.);
#1818=ORIENTED_EDGE('',*,*,#1420,.T.);
#1819=ORIENTED_EDGE('',*,*,#1418,.F.);
#1820=ORIENTED_EDGE('',*,*,#1421,.F.);
#1821=ORIENTED_EDGE('',*,*,#1422,.F.);
#1822=ORIENTED_EDGE('',*,*,#1423,.F.);
#1823=ORIENTED_EDGE('',*,*,#1424,.T.);
#1824=ORIENTED_EDGE('',*,*,#1425,.T.);
#1825=ORIENTED_EDGE('',*,*,#1426,.T.);
#1826=ORIENTED_EDGE('',*,*,#1427,.T.);
#1827=ORIENTED_EDGE('',*,*,#1425,.F.);
#1828=ORIENTED_EDGE('',*,*,#1428,.F.);
#1829=ORIENTED_EDGE('',*,*,#1429,.F.);
#1830=ORIENTED_EDGE('',*,*,#1430,.F.);
#1831=ORIENTED_EDGE('',*,*,#1431,.T.);
#1832=ORIENTED_EDGE('',*,*,#1432,.T.);
#1833=ORIENTED_EDGE('',*,*,#1433,.T.);
#1834=ORIENTED_EDGE('',*,*,#1434,.T.);
#1835=ORIENTED_EDGE('',*,*,#1432,.F.);
#1836=ORIENTED_EDGE('',*,*,#1435,.F.);
#1837=ORIENTED_EDGE('',*,*,#1436,.F.);
#1838=ORIENTED_EDGE('',*,*,#1437,.F.);
#1839=ORIENTED_EDGE('',*,*,#1438,.T.);
#1840=ORIENTED_EDGE('',*,*,#1439,.T.);
#1841=ORIENTED_EDGE('',*,*,#1440,.T.);
#1842=ORIENTED_EDGE('',*,*,#1348,.T.);
#1843=ORIENTED_EDGE('',*,*,#1439,.F.);
#1844=ORIENTED_EDGE('',*,*,#1441,.F.);
#1845=ORIENTED_EDGE('',*,*,#1442,.F.);
#1846=ORIENTED_EDGE('',*,*,#1443,.F.);
#1847=ORIENTED_EDGE('',*,*,#1444,.T.);
#1848=ORIENTED_EDGE('',*,*,#1445,.T.);
#1849=ORIENTED_EDGE('',*,*,#1446,.T.);
#1850=ORIENTED_EDGE('',*,*,#1442,.T.);
#1851=ORIENTED_EDGE('',*,*,#1346,.F.);
#1852=ORIENTED_EDGE('',*,*,#1447,.F.);
#1853=ORIENTED_EDGE('',*,*,#1445,.F.);
#1854=ORIENTED_EDGE('',*,*,#1448,.F.);
#1855=ORIENTED_EDGE('',*,*,#1449,.T.);
#1856=ORIENTED_EDGE('',*,*,#1450,.T.);
#1857=ORIENTED_EDGE('',*,*,#1451,.T.);
#1858=ORIENTED_EDGE('',*,*,#1436,.T.);
#1859=ORIENTED_EDGE('',*,*,#1450,.F.);
#1860=ORIENTED_EDGE('',*,*,#1452,.F.);
#1861=ORIENTED_EDGE('',*,*,#1453,.F.);
#1862=ORIENTED_EDGE('',*,*,#1454,.F.);
#1863=ORIENTED_EDGE('',*,*,#1455,.T.);
#1864=ORIENTED_EDGE('',*,*,#1456,.T.);
#1865=ORIENTED_EDGE('',*,*,#1457,.T.);
#1866=ORIENTED_EDGE('',*,*,#1422,.T.);
#1867=ORIENTED_EDGE('',*,*,#1456,.F.);
#1868=ORIENTED_EDGE('',*,*,#1458,.F.);
#1869=ORIENTED_EDGE('',*,*,#1459,.F.);
#1870=ORIENTED_EDGE('',*,*,#1460,.F.);
#1871=ORIENTED_EDGE('',*,*,#1461,.T.);
#1872=ORIENTED_EDGE('',*,*,#1462,.T.);
#1873=ORIENTED_EDGE('',*,*,#1463,.T.);
#1874=ORIENTED_EDGE('',*,*,#1415,.T.);
#1875=ORIENTED_EDGE('',*,*,#1462,.F.);
#1876=ORIENTED_EDGE('',*,*,#1464,.F.);
#1877=ORIENTED_EDGE('',*,*,#1465,.F.);
#1878=ORIENTED_EDGE('',*,*,#1466,.F.);
#1879=ORIENTED_EDGE('',*,*,#1467,.T.);
#1880=ORIENTED_EDGE('',*,*,#1468,.T.);
#1881=ORIENTED_EDGE('',*,*,#1469,.T.);
#1882=ORIENTED_EDGE('',*,*,#1408,.T.);
#1883=ORIENTED_EDGE('',*,*,#1468,.F.);
#1884=ORIENTED_EDGE('',*,*,#1470,.F.);
#1885=ORIENTED_EDGE('',*,*,#1471,.F.);
#1886=ORIENTED_EDGE('',*,*,#1472,.F.);
#1887=ORIENTED_EDGE('',*,*,#1473,.T.);
#1888=ORIENTED_EDGE('',*,*,#1474,.T.);
#1889=ORIENTED_EDGE('',*,*,#1475,.T.);
#1890=ORIENTED_EDGE('',*,*,#1429,.T.);
#1891=ORIENTED_EDGE('',*,*,#1474,.F.);
#1892=ORIENTED_EDGE('',*,*,#1476,.F.);
#1893=ORIENTED_EDGE('',*,*,#1477,.F.);
#1894=ORIENTED_EDGE('',*,*,#1478,.F.);
#1895=ORIENTED_EDGE('',*,*,#1479,.T.);
#1896=ORIENTED_EDGE('',*,*,#1480,.T.);
#1897=ORIENTED_EDGE('',*,*,#1481,.T.);
#1898=ORIENTED_EDGE('',*,*,#1471,.T.);
#1899=ORIENTED_EDGE('',*,*,#1406,.F.);
#1900=ORIENTED_EDGE('',*,*,#1482,.F.);
#1901=ORIENTED_EDGE('',*,*,#1480,.F.);
#1902=ORIENTED_EDGE('',*,*,#1483,.F.);
#1903=ORIENTED_EDGE('',*,*,#1484,.T.);
#1904=ORIENTED_EDGE('',*,*,#1485,.T.);
#1905=ORIENTED_EDGE('',*,*,#1486,.T.);
#1906=ORIENTED_EDGE('',*,*,#1465,.T.);
#1907=ORIENTED_EDGE('',*,*,#1413,.F.);
#1908=ORIENTED_EDGE('',*,*,#1487,.F.);
#1909=ORIENTED_EDGE('',*,*,#1485,.F.);
#1910=ORIENTED_EDGE('',*,*,#1488,.F.);
#1911=ORIENTED_EDGE('',*,*,#1489,.T.);
#1912=ORIENTED_EDGE('',*,*,#1490,.T.);
#1913=ORIENTED_EDGE('',*,*,#1491,.T.);
#1914=ORIENTED_EDGE('',*,*,#1459,.T.);
#1915=ORIENTED_EDGE('',*,*,#1420,.F.);
#1916=ORIENTED_EDGE('',*,*,#1492,.F.);
#1917=ORIENTED_EDGE('',*,*,#1490,.F.);
#1918=ORIENTED_EDGE('',*,*,#1493,.F.);
#1919=ORIENTED_EDGE('',*,*,#1494,.T.);
#1920=ORIENTED_EDGE('',*,*,#1495,.T.);
#1921=ORIENTED_EDGE('',*,*,#1496,.T.);
#1922=ORIENTED_EDGE('',*,*,#1477,.T.);
#1923=ORIENTED_EDGE('',*,*,#1427,.F.);
#1924=ORIENTED_EDGE('',*,*,#1497,.F.);
#1925=ORIENTED_EDGE('',*,*,#1495,.F.);
#1926=ORIENTED_EDGE('',*,*,#1498,.F.);
#1927=ORIENTED_EDGE('',*,*,#1499,.T.);
#1928=ORIENTED_EDGE('',*,*,#1500,.T.);
#1929=ORIENTED_EDGE('',*,*,#1501,.T.);
#1930=ORIENTED_EDGE('',*,*,#1389,.T.);
#1931=ORIENTED_EDGE('',*,*,#1500,.F.);
#1932=ORIENTED_EDGE('',*,*,#1502,.F.);
#1933=ORIENTED_EDGE('',*,*,#1503,.F.);
#1934=ORIENTED_EDGE('',*,*,#1504,.F.);
#1935=ORIENTED_EDGE('',*,*,#1505,.T.);
#1936=ORIENTED_EDGE('',*,*,#1506,.T.);
#1937=ORIENTED_EDGE('',*,*,#1507,.T.);
#1938=ORIENTED_EDGE('',*,*,#1453,.T.);
#1939=ORIENTED_EDGE('',*,*,#1434,.F.);
#1940=ORIENTED_EDGE('',*,*,#1508,.F.);
#1941=ORIENTED_EDGE('',*,*,#1506,.F.);
#1942=ORIENTED_EDGE('',*,*,#1509,.F.);
#1943=ORIENTED_EDGE('',*,*,#1510,.T.);
#1944=ORIENTED_EDGE('',*,*,#1511,.T.);
#1945=ORIENTED_EDGE('',*,*,#1512,.T.);
#1946=ORIENTED_EDGE('',*,*,#1376,.T.);
#1947=ORIENTED_EDGE('',*,*,#1511,.F.);
#1948=ORIENTED_EDGE('',*,*,#1513,.F.);
#1949=ORIENTED_EDGE('',*,*,#1514,.F.);
#1950=ORIENTED_EDGE('',*,*,#1515,.F.);
#1951=ORIENTED_EDGE('',*,*,#1516,.T.);
#1952=ORIENTED_EDGE('',*,*,#1517,.T.);
#1953=ORIENTED_EDGE('',*,*,#1518,.T.);
#1954=ORIENTED_EDGE('',*,*,#1514,.T.);
#1955=ORIENTED_EDGE('',*,*,#1374,.F.);
#1956=ORIENTED_EDGE('',*,*,#1519,.F.);
#1957=ORIENTED_EDGE('',*,*,#1517,.F.);
#1958=ORIENTED_EDGE('',*,*,#1520,.F.);
#1959=ORIENTED_EDGE('',*,*,#1521,.T.);
#1960=ORIENTED_EDGE('',*,*,#1522,.T.);
#1961=ORIENTED_EDGE('',*,*,#1523,.T.);
#1962=ORIENTED_EDGE('',*,*,#1369,.T.);
#1963=ORIENTED_EDGE('',*,*,#1381,.F.);
#1964=ORIENTED_EDGE('',*,*,#1524,.F.);
#1965=ORIENTED_EDGE('',*,*,#1522,.F.);
#1966=ORIENTED_EDGE('',*,*,#1525,.F.);
#1967=ORIENTED_EDGE('',*,*,#1526,.T.);
#1968=ORIENTED_EDGE('',*,*,#1527,.T.);
#1969=ORIENTED_EDGE('',*,*,#1528,.T.);
#1970=ORIENTED_EDGE('',*,*,#1503,.T.);
#1971=ORIENTED_EDGE('',*,*,#1387,.F.);
#1972=ORIENTED_EDGE('',*,*,#1529,.F.);
#1973=ORIENTED_EDGE('',*,*,#1527,.F.);
#1974=ORIENTED_EDGE('',*,*,#1530,.F.);
#1975=ORIENTED_EDGE('',*,*,#1531,.T.);
#1976=ORIENTED_EDGE('',*,*,#1532,.T.);
#1977=ORIENTED_EDGE('',*,*,#1533,.T.);
#1978=ORIENTED_EDGE('',*,*,#1362,.T.);
#1979=ORIENTED_EDGE('',*,*,#1394,.F.);
#1980=ORIENTED_EDGE('',*,*,#1534,.F.);
#1981=ORIENTED_EDGE('',*,*,#1532,.F.);
#1982=ORIENTED_EDGE('',*,*,#1535,.F.);
#1983=ORIENTED_EDGE('',*,*,#1536,.T.);
#1984=ORIENTED_EDGE('',*,*,#1537,.T.);
#1985=ORIENTED_EDGE('',*,*,#1538,.T.);
#1986=ORIENTED_EDGE('',*,*,#1355,.T.);
#1987=ORIENTED_EDGE('',*,*,#1400,.F.);
#1988=ORIENTED_EDGE('',*,*,#1539,.F.);
#1989=ORIENTED_EDGE('',*,*,#1537,.F.);
#1990=ORIENTED_EDGE('',*,*,#1540,.F.);
#1991=ORIENTED_EDGE('',*,*,#1541,.T.);
#1992=ORIENTED_EDGE('',*,*,#1542,.T.);
#1993=ORIENTED_EDGE('',*,*,#1543,.T.);
#1994=ORIENTED_EDGE('',*,*,#1544,.T.);
#1995=ORIENTED_EDGE('',*,*,#1542,.F.);
#1996=ORIENTED_EDGE('',*,*,#1545,.F.);
#1997=ORIENTED_EDGE('',*,*,#1546,.F.);
#1998=ORIENTED_EDGE('',*,*,#1547,.F.);
#1999=ORIENTED_EDGE('',*,*,#1548,.T.);
#2000=ORIENTED_EDGE('',*,*,#1549,.T.);
#2001=ORIENTED_EDGE('',*,*,#1550,.T.);
#2002=ORIENTED_EDGE('',*,*,#1551,.T.);
#2003=ORIENTED_EDGE('',*,*,#1544,.F.);
#2004=ORIENTED_EDGE('',*,*,#1552,.F.);
#2005=ORIENTED_EDGE('',*,*,#1549,.F.);
#2006=ORIENTED_EDGE('',*,*,#1553,.F.);
#2007=ORIENTED_EDGE('',*,*,#1554,.T.);
#2008=ORIENTED_EDGE('',*,*,#1555,.T.);
#2009=ORIENTED_EDGE('',*,*,#1556,.T.);
#2010=ORIENTED_EDGE('',*,*,#1546,.T.);
#2011=ORIENTED_EDGE('',*,*,#1551,.F.);
#2012=ORIENTED_EDGE('',*,*,#1557,.F.);
#2013=ORIENTED_EDGE('',*,*,#1555,.F.);
#2014=ORIENTED_EDGE('',*,*,#1558,.F.);
#2015=ORIENTED_EDGE('',*,*,#1559,.F.);
#2016=ORIENTED_EDGE('',*,*,#1560,.F.);
#2017=ORIENTED_EDGE('',*,*,#1561,.F.);
#2018=ORIENTED_EDGE('',*,*,#1562,.F.);
#2019=ORIENTED_EDGE('',*,*,#1563,.T.);
#2020=ORIENTED_EDGE('',*,*,#1564,.F.);
#2021=ORIENTED_EDGE('',*,*,#1565,.F.);
#2022=ORIENTED_EDGE('',*,*,#1566,.F.);
#2023=ORIENTED_EDGE('',*,*,#1567,.F.);
#2024=ORIENTED_EDGE('',*,*,#1568,.F.);
#2025=ORIENTED_EDGE('',*,*,#1569,.F.);
#2026=ORIENTED_EDGE('',*,*,#1570,.F.);
#2027=ORIENTED_EDGE('',*,*,#1571,.F.);
#2028=ORIENTED_EDGE('',*,*,#1572,.F.);
#2029=ORIENTED_EDGE('',*,*,#1573,.F.);
#2030=ORIENTED_EDGE('',*,*,#1574,.F.);
#2031=ORIENTED_EDGE('',*,*,#1375,.T.);
#2032=ORIENTED_EDGE('',*,*,#1371,.F.);
#2033=ORIENTED_EDGE('',*,*,#1520,.T.);
#2034=ORIENTED_EDGE('',*,*,#1516,.F.);
#2035=ORIENTED_EDGE('',*,*,#1513,.T.);
#2036=ORIENTED_EDGE('',*,*,#1510,.F.);
#2037=ORIENTED_EDGE('',*,*,#1502,.T.);
#2038=ORIENTED_EDGE('',*,*,#1499,.F.);
#2039=ORIENTED_EDGE('',*,*,#1388,.T.);
#2040=ORIENTED_EDGE('',*,*,#1384,.F.);
#2041=ORIENTED_EDGE('',*,*,#1530,.T.);
#2042=ORIENTED_EDGE('',*,*,#1526,.F.);
#2043=ORIENTED_EDGE('',*,*,#1354,.T.);
#2044=ORIENTED_EDGE('',*,*,#1350,.F.);
#2045=ORIENTED_EDGE('',*,*,#1402,.T.);
#2046=ORIENTED_EDGE('',*,*,#1397,.F.);
#2047=ORIENTED_EDGE('',*,*,#1540,.T.);
#2048=ORIENTED_EDGE('',*,*,#1536,.F.);
#2049=ORIENTED_EDGE('',*,*,#1558,.T.);
#2050=ORIENTED_EDGE('',*,*,#1554,.F.);
#2051=ORIENTED_EDGE('',*,*,#1545,.T.);
#2052=ORIENTED_EDGE('',*,*,#1541,.F.);
#2053=ORIENTED_EDGE('',*,*,#1553,.T.);
#2054=ORIENTED_EDGE('',*,*,#1548,.F.);
#2055=ORIENTED_EDGE('',*,*,#1396,.T.);
#2056=ORIENTED_EDGE('',*,*,#1391,.F.);
#2057=ORIENTED_EDGE('',*,*,#1535,.T.);
#2058=ORIENTED_EDGE('',*,*,#1531,.F.);
#2059=ORIENTED_EDGE('',*,*,#1361,.T.);
#2060=ORIENTED_EDGE('',*,*,#1357,.F.);
#2061=ORIENTED_EDGE('',*,*,#1383,.T.);
#2062=ORIENTED_EDGE('',*,*,#1378,.F.);
#2063=ORIENTED_EDGE('',*,*,#1525,.T.);
#2064=ORIENTED_EDGE('',*,*,#1521,.F.);
#2065=ORIENTED_EDGE('',*,*,#1368,.T.);
#2066=ORIENTED_EDGE('',*,*,#1364,.F.);
#2067=ORIENTED_EDGE('',*,*,#1448,.T.);
#2068=ORIENTED_EDGE('',*,*,#1444,.F.);
#2069=ORIENTED_EDGE('',*,*,#1441,.T.);
#2070=ORIENTED_EDGE('',*,*,#1438,.F.);
#2071=ORIENTED_EDGE('',*,*,#1347,.T.);
#2072=ORIENTED_EDGE('',*,*,#1343,.F.);
#2073=ORIENTED_EDGE('',*,*,#1428,.T.);
#2074=ORIENTED_EDGE('',*,*,#1424,.F.);
#2075=ORIENTED_EDGE('',*,*,#1498,.T.);
#2076=ORIENTED_EDGE('',*,*,#1494,.F.);
#2077=ORIENTED_EDGE('',*,*,#1476,.T.);
#2078=ORIENTED_EDGE('',*,*,#1473,.F.);
#2079=ORIENTED_EDGE('',*,*,#1414,.T.);
#2080=ORIENTED_EDGE('',*,*,#1410,.F.);
#2081=ORIENTED_EDGE('',*,*,#1488,.T.);
#2082=ORIENTED_EDGE('',*,*,#1484,.F.);
#2083=ORIENTED_EDGE('',*,*,#1464,.T.);
#2084=ORIENTED_EDGE('',*,*,#1461,.F.);
#2085=ORIENTED_EDGE('',*,*,#1407,.T.);
#2086=ORIENTED_EDGE('',*,*,#1403,.F.);
#2087=ORIENTED_EDGE('',*,*,#1483,.T.);
#2088=ORIENTED_EDGE('',*,*,#1479,.F.);
#2089=ORIENTED_EDGE('',*,*,#1470,.T.);
#2090=ORIENTED_EDGE('',*,*,#1467,.F.);
#2091=ORIENTED_EDGE('',*,*,#1421,.T.);
#2092=ORIENTED_EDGE('',*,*,#1417,.F.);
#2093=ORIENTED_EDGE('',*,*,#1493,.T.);
#2094=ORIENTED_EDGE('',*,*,#1489,.F.);
#2095=ORIENTED_EDGE('',*,*,#1458,.T.);
#2096=ORIENTED_EDGE('',*,*,#1455,.F.);
#2097=ORIENTED_EDGE('',*,*,#1435,.T.);
#2098=ORIENTED_EDGE('',*,*,#1431,.F.);
#2099=ORIENTED_EDGE('',*,*,#1509,.T.);
#2100=ORIENTED_EDGE('',*,*,#1505,.F.);
#2101=ORIENTED_EDGE('',*,*,#1452,.T.);
#2102=ORIENTED_EDGE('',*,*,#1449,.F.);
#2103=ORIENTED_EDGE('',*,*,#1575,.T.);
#2104=ORIENTED_EDGE('',*,*,#1571,.T.);
#2105=ORIENTED_EDGE('',*,*,#1576,.T.);
#2106=ORIENTED_EDGE('',*,*,#1577,.F.);
#2107=ORIENTED_EDGE('',*,*,#1578,.T.);
#2108=ORIENTED_EDGE('',*,*,#1579,.F.);
#2109=ORIENTED_EDGE('',*,*,#1580,.T.);
#2110=ORIENTED_EDGE('',*,*,#1563,.F.);
#2111=ORIENTED_EDGE('',*,*,#1574,.T.);
#2112=ORIENTED_EDGE('',*,*,#1581,.T.);
#2113=ORIENTED_EDGE('',*,*,#1582,.T.);
#2114=ORIENTED_EDGE('',*,*,#1583,.T.);
#2115=ORIENTED_EDGE('',*,*,#1573,.T.);
#2116=ORIENTED_EDGE('',*,*,#1584,.F.);
#2117=ORIENTED_EDGE('',*,*,#1585,.F.);
#2118=ORIENTED_EDGE('',*,*,#1581,.F.);
#2119=ORIENTED_EDGE('',*,*,#1567,.T.);
#2120=ORIENTED_EDGE('',*,*,#1586,.F.);
#2121=ORIENTED_EDGE('',*,*,#1587,.F.);
#2122=ORIENTED_EDGE('',*,*,#1588,.F.);
#2123=ORIENTED_EDGE('',*,*,#1572,.T.);
#2124=ORIENTED_EDGE('',*,*,#1589,.T.);
#2125=ORIENTED_EDGE('',*,*,#1590,.T.);
#2126=ORIENTED_EDGE('',*,*,#1584,.T.);
#2127=ORIENTED_EDGE('',*,*,#1566,.T.);
#2128=ORIENTED_EDGE('',*,*,#1591,.T.);
#2129=ORIENTED_EDGE('',*,*,#1592,.T.);
#2130=ORIENTED_EDGE('',*,*,#1586,.T.);
#2131=ORIENTED_EDGE('',*,*,#1565,.T.);
#2132=ORIENTED_EDGE('',*,*,#1593,.F.);
#2133=ORIENTED_EDGE('',*,*,#1594,.F.);
#2134=ORIENTED_EDGE('',*,*,#1591,.F.);
#2135=ORIENTED_EDGE('',*,*,#1564,.T.);
#2136=ORIENTED_EDGE('',*,*,#1595,.T.);
#2137=ORIENTED_EDGE('',*,*,#1596,.T.);
#2138=ORIENTED_EDGE('',*,*,#1593,.T.);
#2139=ORIENTED_EDGE('',*,*,#1579,.T.);
#2140=ORIENTED_EDGE('',*,*,#1597,.T.);
#2141=ORIENTED_EDGE('',*,*,#1598,.F.);
#2142=ORIENTED_EDGE('',*,*,#1599,.T.);
#2143=ORIENTED_EDGE('',*,*,#1600,.F.);
#2144=ORIENTED_EDGE('',*,*,#1601,.T.);
#2145=ORIENTED_EDGE('',*,*,#1340,.T.);
#2146=ORIENTED_EDGE('',*,*,#1337,.T.);
#2147=ORIENTED_EDGE('',*,*,#1319,.T.);
#2148=ORIENTED_EDGE('',*,*,#1316,.T.);
#2149=ORIENTED_EDGE('',*,*,#1313,.T.);
#2150=ORIENTED_EDGE('',*,*,#1310,.T.);
#2151=ORIENTED_EDGE('',*,*,#1307,.T.);
#2152=ORIENTED_EDGE('',*,*,#1289,.T.);
#2153=ORIENTED_EDGE('',*,*,#1286,.T.);
#2154=ORIENTED_EDGE('',*,*,#1283,.T.);
#2155=ORIENTED_EDGE('',*,*,#1282,.T.);
#2156=ORIENTED_EDGE('',*,*,#1577,.T.);
#2157=ORIENTED_EDGE('',*,*,#1602,.T.);
#2158=ORIENTED_EDGE('',*,*,#1603,.F.);
#2159=ORIENTED_EDGE('',*,*,#1604,.T.);
#2160=ORIENTED_EDGE('',*,*,#1605,.F.);
#2161=ORIENTED_EDGE('',*,*,#1606,.T.);
#2162=ORIENTED_EDGE('',*,*,#1334,.T.);
#2163=ORIENTED_EDGE('',*,*,#1331,.T.);
#2164=ORIENTED_EDGE('',*,*,#1328,.T.);
#2165=ORIENTED_EDGE('',*,*,#1325,.T.);
#2166=ORIENTED_EDGE('',*,*,#1322,.T.);
#2167=ORIENTED_EDGE('',*,*,#1304,.T.);
#2168=ORIENTED_EDGE('',*,*,#1301,.T.);
#2169=ORIENTED_EDGE('',*,*,#1298,.T.);
#2170=ORIENTED_EDGE('',*,*,#1295,.T.);
#2171=ORIENTED_EDGE('',*,*,#1292,.T.);
#2172=ORIENTED_EDGE('',*,*,#1279,.T.);
#2173=ORIENTED_EDGE('',*,*,#1580,.F.);
#2174=ORIENTED_EDGE('',*,*,#1601,.F.);
#2175=ORIENTED_EDGE('',*,*,#1607,.T.);
#2176=ORIENTED_EDGE('',*,*,#1608,.F.);
#2177=ORIENTED_EDGE('',*,*,#1595,.F.);
#2178=ORIENTED_EDGE('',*,*,#1570,.T.);
#2179=ORIENTED_EDGE('',*,*,#1609,.T.);
#2180=ORIENTED_EDGE('',*,*,#1610,.T.);
#2181=ORIENTED_EDGE('',*,*,#1611,.T.);
#2182=ORIENTED_EDGE('',*,*,#1569,.T.);
#2183=ORIENTED_EDGE('',*,*,#1612,.F.);
#2184=ORIENTED_EDGE('',*,*,#1613,.F.);
#2185=ORIENTED_EDGE('',*,*,#1609,.F.);
#2186=ORIENTED_EDGE('',*,*,#1562,.T.);
#2187=ORIENTED_EDGE('',*,*,#1614,.T.);
#2188=ORIENTED_EDGE('',*,*,#1615,.T.);
#2189=ORIENTED_EDGE('',*,*,#1616,.T.);
#2190=ORIENTED_EDGE('',*,*,#1561,.T.);
#2191=ORIENTED_EDGE('',*,*,#1617,.F.);
#2192=ORIENTED_EDGE('',*,*,#1618,.F.);
#2193=ORIENTED_EDGE('',*,*,#1614,.F.);
#2194=ORIENTED_EDGE('',*,*,#1559,.T.);
#2195=ORIENTED_EDGE('',*,*,#1583,.F.);
#2196=ORIENTED_EDGE('',*,*,#1619,.F.);
#2197=ORIENTED_EDGE('',*,*,#1620,.F.);
#2198=ORIENTED_EDGE('',*,*,#1560,.T.);
#2199=ORIENTED_EDGE('',*,*,#1620,.T.);
#2200=ORIENTED_EDGE('',*,*,#1621,.T.);
#2201=ORIENTED_EDGE('',*,*,#1617,.T.);
#2202=ORIENTED_EDGE('',*,*,#1568,.T.);
#2203=ORIENTED_EDGE('',*,*,#1588,.T.);
#2204=ORIENTED_EDGE('',*,*,#1622,.T.);
#2205=ORIENTED_EDGE('',*,*,#1612,.T.);
#2206=ORIENTED_EDGE('',*,*,#1611,.F.);
#2207=ORIENTED_EDGE('',*,*,#1623,.F.);
#2208=ORIENTED_EDGE('',*,*,#1624,.F.);
#2209=ORIENTED_EDGE('',*,*,#1602,.F.);
#2210=ORIENTED_EDGE('',*,*,#1576,.F.);
#2211=ORIENTED_EDGE('',*,*,#1582,.F.);
#2212=ORIENTED_EDGE('',*,*,#1585,.T.);
#2213=ORIENTED_EDGE('',*,*,#1590,.F.);
#2214=ORIENTED_EDGE('',*,*,#1625,.T.);
#2215=ORIENTED_EDGE('',*,*,#1626,.T.);
#2216=ORIENTED_EDGE('',*,*,#1627,.T.);
#2217=ORIENTED_EDGE('',*,*,#1628,.T.);
#2218=ORIENTED_EDGE('',*,*,#1623,.T.);
#2219=ORIENTED_EDGE('',*,*,#1610,.F.);
#2220=ORIENTED_EDGE('',*,*,#1613,.T.);
#2221=ORIENTED_EDGE('',*,*,#1622,.F.);
#2222=ORIENTED_EDGE('',*,*,#1587,.T.);
#2223=ORIENTED_EDGE('',*,*,#1592,.F.);
#2224=ORIENTED_EDGE('',*,*,#1594,.T.);
#2225=ORIENTED_EDGE('',*,*,#1596,.F.);
#2226=ORIENTED_EDGE('',*,*,#1608,.T.);
#2227=ORIENTED_EDGE('',*,*,#1629,.T.);
#2228=ORIENTED_EDGE('',*,*,#1630,.T.);
#2229=ORIENTED_EDGE('',*,*,#1631,.T.);
#2230=ORIENTED_EDGE('',*,*,#1632,.T.);
#2231=ORIENTED_EDGE('',*,*,#1615,.F.);
#2232=ORIENTED_EDGE('',*,*,#1618,.T.);
#2233=ORIENTED_EDGE('',*,*,#1621,.F.);
#2234=ORIENTED_EDGE('',*,*,#1619,.T.);
#2235=ORIENTED_EDGE('',*,*,#1437,.T.);
#2236=ORIENTED_EDGE('',*,*,#1451,.F.);
#2237=ORIENTED_EDGE('',*,*,#1454,.T.);
#2238=ORIENTED_EDGE('',*,*,#1507,.F.);
#2239=ORIENTED_EDGE('',*,*,#1508,.T.);
#2240=ORIENTED_EDGE('',*,*,#1433,.F.);
#2241=ORIENTED_EDGE('',*,*,#1423,.T.);
#2242=ORIENTED_EDGE('',*,*,#1457,.F.);
#2243=ORIENTED_EDGE('',*,*,#1460,.T.);
#2244=ORIENTED_EDGE('',*,*,#1491,.F.);
#2245=ORIENTED_EDGE('',*,*,#1492,.T.);
#2246=ORIENTED_EDGE('',*,*,#1419,.F.);
#2247=ORIENTED_EDGE('',*,*,#1409,.T.);
#2248=ORIENTED_EDGE('',*,*,#1469,.F.);
#2249=ORIENTED_EDGE('',*,*,#1472,.T.);
#2250=ORIENTED_EDGE('',*,*,#1481,.F.);
#2251=ORIENTED_EDGE('',*,*,#1482,.T.);
#2252=ORIENTED_EDGE('',*,*,#1405,.F.);
#2253=ORIENTED_EDGE('',*,*,#1416,.T.);
#2254=ORIENTED_EDGE('',*,*,#1463,.F.);
#2255=ORIENTED_EDGE('',*,*,#1466,.T.);
#2256=ORIENTED_EDGE('',*,*,#1486,.F.);
#2257=ORIENTED_EDGE('',*,*,#1487,.T.);
#2258=ORIENTED_EDGE('',*,*,#1412,.F.);
#2259=ORIENTED_EDGE('',*,*,#1430,.T.);
#2260=ORIENTED_EDGE('',*,*,#1475,.F.);
#2261=ORIENTED_EDGE('',*,*,#1478,.T.);
#2262=ORIENTED_EDGE('',*,*,#1496,.F.);
#2263=ORIENTED_EDGE('',*,*,#1497,.T.);
#2264=ORIENTED_EDGE('',*,*,#1426,.F.);
#2265=ORIENTED_EDGE('',*,*,#1447,.T.);
#2266=ORIENTED_EDGE('',*,*,#1345,.F.);
#2267=ORIENTED_EDGE('',*,*,#1349,.T.);
#2268=ORIENTED_EDGE('',*,*,#1440,.F.);
#2269=ORIENTED_EDGE('',*,*,#1443,.T.);
#2270=ORIENTED_EDGE('',*,*,#1446,.F.);
#2271=ORIENTED_EDGE('',*,*,#1382,.T.);
#2272=ORIENTED_EDGE('',*,*,#1366,.F.);
#2273=ORIENTED_EDGE('',*,*,#1370,.T.);
#2274=ORIENTED_EDGE('',*,*,#1523,.F.);
#2275=ORIENTED_EDGE('',*,*,#1524,.T.);
#2276=ORIENTED_EDGE('',*,*,#1380,.F.);
#2277=ORIENTED_EDGE('',*,*,#1395,.T.);
#2278=ORIENTED_EDGE('',*,*,#1359,.F.);
#2279=ORIENTED_EDGE('',*,*,#1363,.T.);
#2280=ORIENTED_EDGE('',*,*,#1533,.F.);
#2281=ORIENTED_EDGE('',*,*,#1534,.T.);
#2282=ORIENTED_EDGE('',*,*,#1393,.F.);
#2283=ORIENTED_EDGE('',*,*,#1557,.T.);
#2284=ORIENTED_EDGE('',*,*,#1550,.F.);
#2285=ORIENTED_EDGE('',*,*,#1552,.T.);
#2286=ORIENTED_EDGE('',*,*,#1543,.F.);
#2287=ORIENTED_EDGE('',*,*,#1547,.T.);
#2288=ORIENTED_EDGE('',*,*,#1556,.F.);
#2289=ORIENTED_EDGE('',*,*,#1356,.T.);
#2290=ORIENTED_EDGE('',*,*,#1538,.F.);
#2291=ORIENTED_EDGE('',*,*,#1539,.T.);
#2292=ORIENTED_EDGE('',*,*,#1399,.F.);
#2293=ORIENTED_EDGE('',*,*,#1401,.T.);
#2294=ORIENTED_EDGE('',*,*,#1352,.F.);
#2295=ORIENTED_EDGE('',*,*,#1504,.T.);
#2296=ORIENTED_EDGE('',*,*,#1528,.F.);
#2297=ORIENTED_EDGE('',*,*,#1529,.T.);
#2298=ORIENTED_EDGE('',*,*,#1386,.F.);
#2299=ORIENTED_EDGE('',*,*,#1390,.T.);
#2300=ORIENTED_EDGE('',*,*,#1501,.F.);
#2301=ORIENTED_EDGE('',*,*,#1377,.T.);
#2302=ORIENTED_EDGE('',*,*,#1512,.F.);
#2303=ORIENTED_EDGE('',*,*,#1515,.T.);
#2304=ORIENTED_EDGE('',*,*,#1518,.F.);
#2305=ORIENTED_EDGE('',*,*,#1519,.T.);
#2306=ORIENTED_EDGE('',*,*,#1373,.F.);
#2307=ORIENTED_EDGE('',*,*,#1342,.T.);
#2308=ORIENTED_EDGE('',*,*,#1339,.T.);
#2309=ORIENTED_EDGE('',*,*,#1336,.T.);
#2310=ORIENTED_EDGE('',*,*,#1333,.T.);
#2311=ORIENTED_EDGE('',*,*,#1330,.T.);
#2312=ORIENTED_EDGE('',*,*,#1327,.T.);
#2313=ORIENTED_EDGE('',*,*,#1324,.T.);
#2314=ORIENTED_EDGE('',*,*,#1321,.T.);
#2315=ORIENTED_EDGE('',*,*,#1318,.T.);
#2316=ORIENTED_EDGE('',*,*,#1315,.T.);
#2317=ORIENTED_EDGE('',*,*,#1312,.T.);
#2318=ORIENTED_EDGE('',*,*,#1309,.T.);
#2319=ORIENTED_EDGE('',*,*,#1306,.T.);
#2320=ORIENTED_EDGE('',*,*,#1303,.T.);
#2321=ORIENTED_EDGE('',*,*,#1300,.T.);
#2322=ORIENTED_EDGE('',*,*,#1297,.T.);
#2323=ORIENTED_EDGE('',*,*,#1294,.T.);
#2324=ORIENTED_EDGE('',*,*,#1291,.T.);
#2325=ORIENTED_EDGE('',*,*,#1288,.T.);
#2326=ORIENTED_EDGE('',*,*,#1285,.T.);
#2327=ORIENTED_EDGE('',*,*,#1280,.T.);
#2328=ORIENTED_EDGE('',*,*,#1277,.T.);
#2329=ORIENTED_EDGE('',*,*,#1575,.F.);
#2330=ORIENTED_EDGE('',*,*,#1606,.F.);
#2331=ORIENTED_EDGE('',*,*,#1633,.T.);
#2332=ORIENTED_EDGE('',*,*,#1625,.F.);
#2333=ORIENTED_EDGE('',*,*,#1589,.F.);
#2334=ORIENTED_EDGE('',*,*,#1616,.F.);
#2335=ORIENTED_EDGE('',*,*,#1632,.F.);
#2336=ORIENTED_EDGE('',*,*,#1634,.F.);
#2337=ORIENTED_EDGE('',*,*,#1597,.F.);
#2338=ORIENTED_EDGE('',*,*,#1578,.F.);
#2339=ORIENTED_EDGE('',*,*,#1603,.T.);
#2340=ORIENTED_EDGE('',*,*,#1624,.T.);
#2341=ORIENTED_EDGE('',*,*,#1628,.F.);
#2342=ORIENTED_EDGE('',*,*,#1635,.F.);
#2343=ORIENTED_EDGE('',*,*,#1604,.F.);
#2344=ORIENTED_EDGE('',*,*,#1635,.T.);
#2345=ORIENTED_EDGE('',*,*,#1627,.F.);
#2346=ORIENTED_EDGE('',*,*,#1636,.F.);
#2347=ORIENTED_EDGE('',*,*,#1605,.T.);
#2348=ORIENTED_EDGE('',*,*,#1636,.T.);
#2349=ORIENTED_EDGE('',*,*,#1626,.F.);
#2350=ORIENTED_EDGE('',*,*,#1633,.F.);
#2351=ORIENTED_EDGE('',*,*,#1598,.T.);
#2352=ORIENTED_EDGE('',*,*,#1634,.T.);
#2353=ORIENTED_EDGE('',*,*,#1631,.F.);
#2354=ORIENTED_EDGE('',*,*,#1637,.F.);
#2355=ORIENTED_EDGE('',*,*,#1599,.F.);
#2356=ORIENTED_EDGE('',*,*,#1637,.T.);
#2357=ORIENTED_EDGE('',*,*,#1630,.F.);
#2358=ORIENTED_EDGE('',*,*,#1638,.F.);
#2359=ORIENTED_EDGE('',*,*,#1600,.T.);
#2360=ORIENTED_EDGE('',*,*,#1638,.T.);
#2361=ORIENTED_EDGE('',*,*,#1629,.F.);
#2362=ORIENTED_EDGE('',*,*,#1607,.F.);
#2363=CYLINDRICAL_SURFACE('',#2571,1.60000000000001);
#2364=CYLINDRICAL_SURFACE('',#2574,1.60000000000001);
#2365=CYLINDRICAL_SURFACE('',#2577,1.6);
#2366=CYLINDRICAL_SURFACE('',#2580,1.6);
#2367=CYLINDRICAL_SURFACE('',#2583,1.60000000000004);
#2368=CYLINDRICAL_SURFACE('',#2586,1.59999999999997);
#2369=CYLINDRICAL_SURFACE('',#2589,1.59999999999997);
#2370=CYLINDRICAL_SURFACE('',#2592,1.59999999999997);
#2371=CYLINDRICAL_SURFACE('',#2595,1.6);
#2372=CYLINDRICAL_SURFACE('',#2598,1.59999999999997);
#2373=CYLINDRICAL_SURFACE('',#2601,1.6);
#2374=CYLINDRICAL_SURFACE('',#2604,1.6);
#2375=CYLINDRICAL_SURFACE('',#2607,1.6);
#2376=CYLINDRICAL_SURFACE('',#2610,1.6);
#2377=CYLINDRICAL_SURFACE('',#2613,1.59999999999997);
#2378=CYLINDRICAL_SURFACE('',#2616,1.6);
#2379=CYLINDRICAL_SURFACE('',#2619,1.60000000000002);
#2380=CYLINDRICAL_SURFACE('',#2622,1.60000000000002);
#2381=CYLINDRICAL_SURFACE('',#2625,1.6);
#2382=CYLINDRICAL_SURFACE('',#2628,1.60000000000004);
#2383=CYLINDRICAL_SURFACE('',#2631,1.6);
#2384=CYLINDRICAL_SURFACE('',#2634,1.6);
#2385=CYLINDRICAL_SURFACE('',#2637,3.);
#2386=CYLINDRICAL_SURFACE('',#2641,3.);
#2387=CYLINDRICAL_SURFACE('',#2645,3.);
#2388=CYLINDRICAL_SURFACE('',#2649,3.);
#2389=CYLINDRICAL_SURFACE('',#2653,3.);
#2390=CYLINDRICAL_SURFACE('',#2657,3.);
#2391=CYLINDRICAL_SURFACE('',#2661,3.);
#2392=CYLINDRICAL_SURFACE('',#2665,3.);
#2393=CYLINDRICAL_SURFACE('',#2669,3.);
#2394=CYLINDRICAL_SURFACE('',#2673,3.);
#2395=CYLINDRICAL_SURFACE('',#2677,3.);
#2396=CYLINDRICAL_SURFACE('',#2681,3.);
#2397=CYLINDRICAL_SURFACE('',#2685,3.);
#2398=CYLINDRICAL_SURFACE('',#2689,3.);
#2399=CYLINDRICAL_SURFACE('',#2693,3.);
#2400=CYLINDRICAL_SURFACE('',#2697,3.);
#2401=CYLINDRICAL_SURFACE('',#2701,3.);
#2402=CYLINDRICAL_SURFACE('',#2705,3.);
#2403=CYLINDRICAL_SURFACE('',#2709,3.);
#2404=CYLINDRICAL_SURFACE('',#2713,3.);
#2405=CYLINDRICAL_SURFACE('',#2717,3.);
#2406=CYLINDRICAL_SURFACE('',#2721,3.);
#2407=CYLINDRICAL_SURFACE('',#2725,3.);
#2408=CYLINDRICAL_SURFACE('',#2729,3.);
#2409=CYLINDRICAL_SURFACE('',#2733,3.);
#2410=CYLINDRICAL_SURFACE('',#2737,3.);
#2411=CYLINDRICAL_SURFACE('',#2741,3.);
#2412=CYLINDRICAL_SURFACE('',#2745,3.);
#2413=CYLINDRICAL_SURFACE('',#2749,3.);
#2414=CYLINDRICAL_SURFACE('',#2753,3.);
#2415=CYLINDRICAL_SURFACE('',#2757,3.);
#2416=CYLINDRICAL_SURFACE('',#2761,3.);
#2417=CYLINDRICAL_SURFACE('',#2765,3.);
#2418=CYLINDRICAL_SURFACE('',#2769,3.);
#2419=CYLINDRICAL_SURFACE('',#2773,3.);
#2420=CYLINDRICAL_SURFACE('',#2777,3.);
#2421=CYLINDRICAL_SURFACE('',#2792,3.);
#2422=CYLINDRICAL_SURFACE('',#2796,3.);
#2423=CYLINDRICAL_SURFACE('',#2798,3.);
#2424=CYLINDRICAL_SURFACE('',#2801,3.);
#2425=CYLINDRICAL_SURFACE('',#2810,3.);
#2426=CYLINDRICAL_SURFACE('',#2813,3.);
#2427=CYLINDRICAL_SURFACE('',#2817,3.);
#2428=CYLINDRICAL_SURFACE('',#2819,3.);
#2429=CYLINDRICAL_SURFACE('',#2829,4.99999999999993);
#2430=CYLINDRICAL_SURFACE('',#2831,4.99999999999993);
#2431=CYLINDRICAL_SURFACE('',#2832,5.);
#2432=CYLINDRICAL_SURFACE('',#2834,4.99999999999993);
#2433=ADVANCED_FACE('',(#137),#2363,.F.);
#2434=ADVANCED_FACE('',(#138),#2364,.F.);
#2435=ADVANCED_FACE('',(#139),#2365,.F.);
#2436=ADVANCED_FACE('',(#140),#2366,.F.);
#2437=ADVANCED_FACE('',(#141),#2367,.F.);
#2438=ADVANCED_FACE('',(#142),#2368,.F.);
#2439=ADVANCED_FACE('',(#143),#2369,.F.);
#2440=ADVANCED_FACE('',(#144),#2370,.F.);
#2441=ADVANCED_FACE('',(#145),#2371,.F.);
#2442=ADVANCED_FACE('',(#146),#2372,.F.);
#2443=ADVANCED_FACE('',(#147),#2373,.F.);
#2444=ADVANCED_FACE('',(#148),#2374,.F.);
#2445=ADVANCED_FACE('',(#149),#2375,.F.);
#2446=ADVANCED_FACE('',(#150),#2376,.F.);
#2447=ADVANCED_FACE('',(#151),#2377,.F.);
#2448=ADVANCED_FACE('',(#152),#2378,.F.);
#2449=ADVANCED_FACE('',(#153),#2379,.F.);
#2450=ADVANCED_FACE('',(#154),#2380,.F.);
#2451=ADVANCED_FACE('',(#155),#2381,.F.);
#2452=ADVANCED_FACE('',(#156),#2382,.F.);
#2453=ADVANCED_FACE('',(#157),#2383,.F.);
#2454=ADVANCED_FACE('',(#158),#2384,.F.);
#2455=ADVANCED_FACE('',(#159),#2385,.F.);
#2456=ADVANCED_FACE('',(#160),#83,.F.);
#2457=ADVANCED_FACE('',(#161),#2386,.F.);
#2458=ADVANCED_FACE('',(#162),#84,.F.);
#2459=ADVANCED_FACE('',(#163),#2387,.F.);
#2460=ADVANCED_FACE('',(#164),#85,.F.);
#2461=ADVANCED_FACE('',(#165),#2388,.F.);
#2462=ADVANCED_FACE('',(#166),#86,.F.);
#2463=ADVANCED_FACE('',(#167),#2389,.F.);
#2464=ADVANCED_FACE('',(#168),#87,.F.);
#2465=ADVANCED_FACE('',(#169),#2390,.F.);
#2466=ADVANCED_FACE('',(#170),#88,.F.);
#2467=ADVANCED_FACE('',(#171),#2391,.F.);
#2468=ADVANCED_FACE('',(#172),#89,.F.);
#2469=ADVANCED_FACE('',(#173),#2392,.F.);
#2470=ADVANCED_FACE('',(#174),#90,.F.);
#2471=ADVANCED_FACE('',(#175),#2393,.F.);
#2472=ADVANCED_FACE('',(#176),#91,.F.);
#2473=ADVANCED_FACE('',(#177),#2394,.F.);
#2474=ADVANCED_FACE('',(#178),#92,.F.);
#2475=ADVANCED_FACE('',(#179),#2395,.F.);
#2476=ADVANCED_FACE('',(#180),#93,.F.);
#2477=ADVANCED_FACE('',(#181),#2396,.F.);
#2478=ADVANCED_FACE('',(#182),#94,.F.);
#2479=ADVANCED_FACE('',(#183),#2397,.F.);
#2480=ADVANCED_FACE('',(#184),#95,.F.);
#2481=ADVANCED_FACE('',(#185),#2398,.F.);
#2482=ADVANCED_FACE('',(#186),#96,.F.);
#2483=ADVANCED_FACE('',(#187),#2399,.F.);
#2484=ADVANCED_FACE('',(#188),#97,.F.);
#2485=ADVANCED_FACE('',(#189),#2400,.F.);
#2486=ADVANCED_FACE('',(#190),#98,.F.);
#2487=ADVANCED_FACE('',(#191),#2401,.F.);
#2488=ADVANCED_FACE('',(#192),#99,.F.);
#2489=ADVANCED_FACE('',(#193),#2402,.F.);
#2490=ADVANCED_FACE('',(#194),#100,.F.);
#2491=ADVANCED_FACE('',(#195),#2403,.F.);
#2492=ADVANCED_FACE('',(#196),#101,.F.);
#2493=ADVANCED_FACE('',(#197),#2404,.F.);
#2494=ADVANCED_FACE('',(#198),#102,.F.);
#2495=ADVANCED_FACE('',(#199),#2405,.F.);
#2496=ADVANCED_FACE('',(#200),#103,.F.);
#2497=ADVANCED_FACE('',(#201),#2406,.F.);
#2498=ADVANCED_FACE('',(#202),#104,.F.);
#2499=ADVANCED_FACE('',(#203),#2407,.F.);
#2500=ADVANCED_FACE('',(#204),#105,.F.);
#2501=ADVANCED_FACE('',(#205),#2408,.F.);
#2502=ADVANCED_FACE('',(#206),#106,.F.);
#2503=ADVANCED_FACE('',(#207),#2409,.F.);
#2504=ADVANCED_FACE('',(#208),#107,.F.);
#2505=ADVANCED_FACE('',(#209),#2410,.F.);
#2506=ADVANCED_FACE('',(#210),#108,.F.);
#2507=ADVANCED_FACE('',(#211),#2411,.F.);
#2508=ADVANCED_FACE('',(#212),#109,.F.);
#2509=ADVANCED_FACE('',(#213),#2412,.F.);
#2510=ADVANCED_FACE('',(#214),#110,.F.);
#2511=ADVANCED_FACE('',(#215),#2413,.F.);
#2512=ADVANCED_FACE('',(#216),#111,.F.);
#2513=ADVANCED_FACE('',(#217),#2414,.F.);
#2514=ADVANCED_FACE('',(#218),#112,.F.);
#2515=ADVANCED_FACE('',(#219),#2415,.F.);
#2516=ADVANCED_FACE('',(#220),#113,.F.);
#2517=ADVANCED_FACE('',(#221),#2416,.F.);
#2518=ADVANCED_FACE('',(#222),#114,.F.);
#2519=ADVANCED_FACE('',(#223),#2417,.F.);
#2520=ADVANCED_FACE('',(#224),#115,.F.);
#2521=ADVANCED_FACE('',(#225),#2418,.F.);
#2522=ADVANCED_FACE('',(#226),#116,.F.);
#2523=ADVANCED_FACE('',(#227),#2419,.F.);
#2524=ADVANCED_FACE('',(#228),#117,.F.);
#2525=ADVANCED_FACE('',(#229),#2420,.F.);
#2526=ADVANCED_FACE('',(#230),#118,.F.);
#2527=ADVANCED_FACE('',(#231,#15,#16,#17,#18,#19,#20,#21,#22,#23,#24,#25,
#26),#119,.F.);
#2528=ADVANCED_FACE('',(#232),#120,.F.);
#2529=ADVANCED_FACE('',(#233),#121,.F.);
#2530=ADVANCED_FACE('',(#234),#2421,.F.);
#2531=ADVANCED_FACE('',(#235),#122,.F.);
#2532=ADVANCED_FACE('',(#236),#123,.F.);
#2533=ADVANCED_FACE('',(#237),#2422,.T.);
#2534=ADVANCED_FACE('',(#238),#2423,.F.);
#2535=ADVANCED_FACE('',(#239),#124,.F.);
#2536=ADVANCED_FACE('',(#240),#2424,.T.);
#2537=ADVANCED_FACE('',(#241,#27,#28,#29,#30,#31,#32,#33,#34,#35,#36,#37),
#125,.F.);
#2538=ADVANCED_FACE('',(#242,#38,#39,#40,#41,#42,#43,#44,#45,#46,#47,#48),
#126,.F.);
#2539=ADVANCED_FACE('',(#243),#127,.T.);
#2540=ADVANCED_FACE('',(#244),#2425,.T.);
#2541=ADVANCED_FACE('',(#245),#128,.F.);
#2542=ADVANCED_FACE('',(#246),#2426,.T.);
#2543=ADVANCED_FACE('',(#247),#129,.F.);
#2544=ADVANCED_FACE('',(#248),#130,.F.);
#2545=ADVANCED_FACE('',(#249),#2427,.F.);
#2546=ADVANCED_FACE('',(#250),#2428,.F.);
#2547=ADVANCED_FACE('',(#251),#131,.T.);
#2548=ADVANCED_FACE('',(#252,#49,#50,#51,#52,#53,#54,#55,#56,#57,#58,#59,
#60,#61,#62,#63,#64,#65,#66,#67,#68,#69,#70,#71,#72,#73,#74,#75,#76,#77,
#78,#79,#80,#81,#82),#132,.T.);
#2549=ADVANCED_FACE('',(#253),#133,.T.);
#2550=ADVANCED_FACE('',(#254),#134,.T.);
#2551=ADVANCED_FACE('',(#255),#2429,.T.);
#2552=ADVANCED_FACE('',(#256),#135,.T.);
#2553=ADVANCED_FACE('',(#257),#2430,.T.);
#2554=ADVANCED_FACE('',(#258),#2431,.T.);
#2555=ADVANCED_FACE('',(#259),#136,.T.);
#2556=ADVANCED_FACE('',(#260),#2432,.T.);
#2557=CLOSED_SHELL('',(#2433,#2434,#2435,#2436,#2437,#2438,#2439,#2440,
#2441,#2442,#2443,#2444,#2445,#2446,#2447,#2448,#2449,#2450,#2451,#2452,
#2453,#2454,#2455,#2456,#2457,#2458,#2459,#2460,#2461,#2462,#2463,#2464,
#2465,#2466,#2467,#2468,#2469,#2470,#2471,#2472,#2473,#2474,#2475,#2476,
#2477,#2478,#2479,#2480,#2481,#2482,#2483,#2484,#2485,#2486,#2487,#2488,
#2489,#2490,#2491,#2492,#2493,#2494,#2495,#2496,#2497,#2498,#2499,#2500,
#2501,#2502,#2503,#2504,#2505,#2506,#2507,#2508,#2509,#2510,#2511,#2512,
#2513,#2514,#2515,#2516,#2517,#2518,#2519,#2520,#2521,#2522,#2523,#2524,
#2525,#2526,#2527,#2528,#2529,#2530,#2531,#2532,#2533,#2534,#2535,#2536,
#2537,#2538,#2539,#2540,#2541,#2542,#2543,#2544,#2545,#2546,#2547,#2548,
#2549,#2550,#2551,#2552,#2553,#2554,#2555,#2556));
#2558=DERIVED_UNIT_ELEMENT(#2560,1.);
#2559=DERIVED_UNIT_ELEMENT(#4319,-3.);
#2560=(
MASS_UNIT()
NAMED_UNIT(*)
SI_UNIT(.KILO.,.GRAM.)
);
#2561=DERIVED_UNIT((#2558,#2559));
#2562=MEASURE_REPRESENTATION_ITEM('density measure',
POSITIVE_RATIO_MEASURE(2700.),#2561);
#2563=PROPERTY_DEFINITION_REPRESENTATION(#2568,#2565);
#2564=PROPERTY_DEFINITION_REPRESENTATION(#2569,#2566);
#2565=REPRESENTATION('material name',(#2567),#4316);
#2566=REPRESENTATION('density',(#2562),#4316);
#2567=DESCRIPTIVE_REPRESENTATION_ITEM('Aluminum 6061','Aluminum 6061');
#2568=PROPERTY_DEFINITION('material property','material name',#4326);
#2569=PROPERTY_DEFINITION('material property','density of part',#4326);
#2570=AXIS2_PLACEMENT_3D('',#3587,#2835,#2836);
#2571=AXIS2_PLACEMENT_3D('',#3588,#2837,#2838);
#2572=AXIS2_PLACEMENT_3D('',#3590,#2839,#2840);
#2573=AXIS2_PLACEMENT_3D('',#3593,#2842,#2843);
#2574=AXIS2_PLACEMENT_3D('',#3594,#2844,#2845);
#2575=AXIS2_PLACEMENT_3D('',#3596,#2846,#2847);
#2576=AXIS2_PLACEMENT_3D('',#3599,#2849,#2850);
#2577=AXIS2_PLACEMENT_3D('',#3600,#2851,#2852);
#2578=AXIS2_PLACEMENT_3D('',#3602,#2853,#2854);
#2579=AXIS2_PLACEMENT_3D('',#3605,#2856,#2857);
#2580=AXIS2_PLACEMENT_3D('',#3606,#2858,#2859);
#2581=AXIS2_PLACEMENT_3D('',#3608,#2860,#2861);
#2582=AXIS2_PLACEMENT_3D('',#3611,#2863,#2864);
#2583=AXIS2_PLACEMENT_3D('',#3612,#2865,#2866);
#2584=AXIS2_PLACEMENT_3D('',#3614,#2867,#2868);
#2585=AXIS2_PLACEMENT_3D('',#3617,#2870,#2871);
#2586=AXIS2_PLACEMENT_3D('',#3618,#2872,#2873);
#2587=AXIS2_PLACEMENT_3D('',#3620,#2874,#2875);
#2588=AXIS2_PLACEMENT_3D('',#3623,#2877,#2878);
#2589=AXIS2_PLACEMENT_3D('',#3624,#2879,#2880);
#2590=AXIS2_PLACEMENT_3D('',#3626,#2881,#2882);
#2591=AXIS2_PLACEMENT_3D('',#3629,#2884,#2885);
#2592=AXIS2_PLACEMENT_3D('',#3630,#2886,#2887);
#2593=AXIS2_PLACEMENT_3D('',#3632,#2888,#2889);
#2594=AXIS2_PLACEMENT_3D('',#3635,#2891,#2892);
#2595=AXIS2_PLACEMENT_3D('',#3636,#2893,#2894);
#2596=AXIS2_PLACEMENT_3D('',#3638,#2895,#2896);
#2597=AXIS2_PLACEMENT_3D('',#3641,#2898,#2899);
#2598=AXIS2_PLACEMENT_3D('',#3642,#2900,#2901);
#2599=AXIS2_PLACEMENT_3D('',#3644,#2902,#2903);
#2600=AXIS2_PLACEMENT_3D('',#3647,#2905,#2906);
#2601=AXIS2_PLACEMENT_3D('',#3648,#2907,#2908);
#2602=AXIS2_PLACEMENT_3D('',#3650,#2909,#2910);
#2603=AXIS2_PLACEMENT_3D('',#3653,#2912,#2913);
#2604=AXIS2_PLACEMENT_3D('',#3654,#2914,#2915);
#2605=AXIS2_PLACEMENT_3D('',#3656,#2916,#2917);
#2606=AXIS2_PLACEMENT_3D('',#3659,#2919,#2920);
#2607=AXIS2_PLACEMENT_3D('',#3660,#2921,#2922);
#2608=AXIS2_PLACEMENT_3D('',#3662,#2923,#2924);
#2609=AXIS2_PLACEMENT_3D('',#3665,#2926,#2927);
#2610=AXIS2_PLACEMENT_3D('',#3666,#2928,#2929);
#2611=AXIS2_PLACEMENT_3D('',#3668,#2930,#2931);
#2612=AXIS2_PLACEMENT_3D('',#3671,#2933,#2934);
#2613=AXIS2_PLACEMENT_3D('',#3672,#2935,#2936);
#2614=AXIS2_PLACEMENT_3D('',#3674,#2937,#2938);
#2615=AXIS2_PLACEMENT_3D('',#3677,#2940,#2941);
#2616=AXIS2_PLACEMENT_3D('',#3678,#2942,#2943);
#2617=AXIS2_PLACEMENT_3D('',#3680,#2944,#2945);
#2618=AXIS2_PLACEMENT_3D('',#3683,#2947,#2948);
#2619=AXIS2_PLACEMENT_3D('',#3684,#2949,#2950);
#2620=AXIS2_PLACEMENT_3D('',#3686,#2951,#2952);
#2621=AXIS2_PLACEMENT_3D('',#3689,#2954,#2955);
#2622=AXIS2_PLACEMENT_3D('',#3690,#2956,#2957);
#2623=AXIS2_PLACEMENT_3D('',#3692,#2958,#2959);
#2624=AXIS2_PLACEMENT_3D('',#3695,#2961,#2962);
#2625=AXIS2_PLACEMENT_3D('',#3696,#2963,#2964);
#2626=AXIS2_PLACEMENT_3D('',#3698,#2965,#2966);
#2627=AXIS2_PLACEMENT_3D('',#3701,#2968,#2969);
#2628=AXIS2_PLACEMENT_3D('',#3702,#2970,#2971);
#2629=AXIS2_PLACEMENT_3D('',#3704,#2972,#2973);
#2630=AXIS2_PLACEMENT_3D('',#3707,#2975,#2976);
#2631=AXIS2_PLACEMENT_3D('',#3708,#2977,#2978);
#2632=AXIS2_PLACEMENT_3D('',#3710,#2979,#2980);
#2633=AXIS2_PLACEMENT_3D('',#3713,#2982,#2983);
#2634=AXIS2_PLACEMENT_3D('',#3714,#2984,#2985);
#2635=AXIS2_PLACEMENT_3D('',#3716,#2986,#2987);
#2636=AXIS2_PLACEMENT_3D('',#3719,#2989,#2990);
#2637=AXIS2_PLACEMENT_3D('',#3720,#2991,#2992);
#2638=AXIS2_PLACEMENT_3D('',#3723,#2993,#2994);
#2639=AXIS2_PLACEMENT_3D('',#3727,#2996,#2997);
#2640=AXIS2_PLACEMENT_3D('',#3729,#2999,#3000);
#2641=AXIS2_PLACEMENT_3D('',#3735,#3004,#3005);
#2642=AXIS2_PLACEMENT_3D('',#3738,#3006,#3007);
#2643=AXIS2_PLACEMENT_3D('',#3742,#3009,#3010);
#2644=AXIS2_PLACEMENT_3D('',#3744,#3012,#3013);
#2645=AXIS2_PLACEMENT_3D('',#3750,#3017,#3018);
#2646=AXIS2_PLACEMENT_3D('',#3753,#3019,#3020);
#2647=AXIS2_PLACEMENT_3D('',#3757,#3022,#3023);
#2648=AXIS2_PLACEMENT_3D('',#3759,#3025,#3026);
#2649=AXIS2_PLACEMENT_3D('',#3765,#3030,#3031);
#2650=AXIS2_PLACEMENT_3D('',#3768,#3032,#3033);
#2651=AXIS2_PLACEMENT_3D('',#3772,#3035,#3036);
#2652=AXIS2_PLACEMENT_3D('',#3774,#3038,#3039);
#2653=AXIS2_PLACEMENT_3D('',#3780,#3043,#3044);
#2654=AXIS2_PLACEMENT_3D('',#3783,#3045,#3046);
#2655=AXIS2_PLACEMENT_3D('',#3787,#3048,#3049);
#2656=AXIS2_PLACEMENT_3D('',#3789,#3051,#3052);
#2657=AXIS2_PLACEMENT_3D('',#3795,#3056,#3057);
#2658=AXIS2_PLACEMENT_3D('',#3798,#3058,#3059);
#2659=AXIS2_PLACEMENT_3D('',#3802,#3061,#3062);
#2660=AXIS2_PLACEMENT_3D('',#3804,#3064,#3065);
#2661=AXIS2_PLACEMENT_3D('',#3807,#3068,#3069);
#2662=AXIS2_PLACEMENT_3D('',#3810,#3070,#3071);
#2663=AXIS2_PLACEMENT_3D('',#3814,#3073,#3074);
#2664=AXIS2_PLACEMENT_3D('',#3816,#3076,#3077);
#2665=AXIS2_PLACEMENT_3D('',#3822,#3081,#3082);
#2666=AXIS2_PLACEMENT_3D('',#3825,#3083,#3084);
#2667=AXIS2_PLACEMENT_3D('',#3829,#3086,#3087);
#2668=AXIS2_PLACEMENT_3D('',#3831,#3089,#3090);
#2669=AXIS2_PLACEMENT_3D('',#3834,#3093,#3094);
#2670=AXIS2_PLACEMENT_3D('',#3837,#3095,#3096);
#2671=AXIS2_PLACEMENT_3D('',#3841,#3098,#3099);
#2672=AXIS2_PLACEMENT_3D('',#3843,#3101,#3102);
#2673=AXIS2_PLACEMENT_3D('',#3846,#3105,#3106);
#2674=AXIS2_PLACEMENT_3D('',#3849,#3107,#3108);
#2675=AXIS2_PLACEMENT_3D('',#3853,#3110,#3111);
#2676=AXIS2_PLACEMENT_3D('',#3855,#3113,#3114);
#2677=AXIS2_PLACEMENT_3D('',#3861,#3118,#3119);
#2678=AXIS2_PLACEMENT_3D('',#3864,#3120,#3121);
#2679=AXIS2_PLACEMENT_3D('',#3868,#3123,#3124);
#2680=AXIS2_PLACEMENT_3D('',#3870,#3126,#3127);
#2681=AXIS2_PLACEMENT_3D('',#3876,#3131,#3132);
#2682=AXIS2_PLACEMENT_3D('',#3879,#3133,#3134);
#2683=AXIS2_PLACEMENT_3D('',#3883,#3136,#3137);
#2684=AXIS2_PLACEMENT_3D('',#3885,#3139,#3140);
#2685=AXIS2_PLACEMENT_3D('',#3891,#3144,#3145);
#2686=AXIS2_PLACEMENT_3D('',#3894,#3146,#3147);
#2687=AXIS2_PLACEMENT_3D('',#3898,#3149,#3150);
#2688=AXIS2_PLACEMENT_3D('',#3900,#3152,#3153);
#2689=AXIS2_PLACEMENT_3D('',#3906,#3157,#3158);
#2690=AXIS2_PLACEMENT_3D('',#3909,#3159,#3160);
#2691=AXIS2_PLACEMENT_3D('',#3913,#3162,#3163);
#2692=AXIS2_PLACEMENT_3D('',#3915,#3165,#3166);
#2693=AXIS2_PLACEMENT_3D('',#3921,#3170,#3171);
#2694=AXIS2_PLACEMENT_3D('',#3923,#3172,#3173);
#2695=AXIS2_PLACEMENT_3D('',#3926,#3175,#3176);
#2696=AXIS2_PLACEMENT_3D('',#3927,#3177,#3178);
#2697=AXIS2_PLACEMENT_3D('',#3933,#3182,#3183);
#2698=AXIS2_PLACEMENT_3D('',#3935,#3184,#3185);
#2699=AXIS2_PLACEMENT_3D('',#3938,#3187,#3188);
#2700=AXIS2_PLACEMENT_3D('',#3939,#3189,#3190);
#2701=AXIS2_PLACEMENT_3D('',#3942,#3193,#3194);
#2702=AXIS2_PLACEMENT_3D('',#3944,#3195,#3196);
#2703=AXIS2_PLACEMENT_3D('',#3947,#3198,#3199);
#2704=AXIS2_PLACEMENT_3D('',#3948,#3200,#3201);
#2705=AXIS2_PLACEMENT_3D('',#3954,#3205,#3206);
#2706=AXIS2_PLACEMENT_3D('',#3956,#3207,#3208);
#2707=AXIS2_PLACEMENT_3D('',#3959,#3210,#3211);
#2708=AXIS2_PLACEMENT_3D('',#3960,#3212,#3213);
#2709=AXIS2_PLACEMENT_3D('',#3966,#3217,#3218);
#2710=AXIS2_PLACEMENT_3D('',#3968,#3219,#3220);
#2711=AXIS2_PLACEMENT_3D('',#3971,#3222,#3223);
#2712=AXIS2_PLACEMENT_3D('',#3972,#3224,#3225);
#2713=AXIS2_PLACEMENT_3D('',#3978,#3229,#3230);
#2714=AXIS2_PLACEMENT_3D('',#3980,#3231,#3232);
#2715=AXIS2_PLACEMENT_3D('',#3983,#3234,#3235);
#2716=AXIS2_PLACEMENT_3D('',#3984,#3236,#3237);
#2717=AXIS2_PLACEMENT_3D('',#3990,#3241,#3242);
#2718=AXIS2_PLACEMENT_3D('',#3992,#3243,#3244);
#2719=AXIS2_PLACEMENT_3D('',#3995,#3246,#3247);
#2720=AXIS2_PLACEMENT_3D('',#3996,#3248,#3249);
#2721=AXIS2_PLACEMENT_3D('',#4002,#3253,#3254);
#2722=AXIS2_PLACEMENT_3D('',#4004,#3255,#3256);
#2723=AXIS2_PLACEMENT_3D('',#4007,#3258,#3259);
#2724=AXIS2_PLACEMENT_3D('',#4008,#3260,#3261);
#2725=AXIS2_PLACEMENT_3D('',#4011,#3264,#3265);
#2726=AXIS2_PLACEMENT_3D('',#4013,#3266,#3267);
#2727=AXIS2_PLACEMENT_3D('',#4016,#3269,#3270);
#2728=AXIS2_PLACEMENT_3D('',#4017,#3271,#3272);
#2729=AXIS2_PLACEMENT_3D('',#4020,#3275,#3276);
#2730=AXIS2_PLACEMENT_3D('',#4022,#3277,#3278);
#2731=AXIS2_PLACEMENT_3D('',#4025,#3280,#3281);
#2732=AXIS2_PLACEMENT_3D('',#4026,#3282,#3283);
#2733=AXIS2_PLACEMENT_3D('',#4029,#3286,#3287);
#2734=AXIS2_PLACEMENT_3D('',#4031,#3288,#3289);
#2735=AXIS2_PLACEMENT_3D('',#4034,#3291,#3292);
#2736=AXIS2_PLACEMENT_3D('',#4035,#3293,#3294);
#2737=AXIS2_PLACEMENT_3D('',#4038,#3297,#3298);
#2738=AXIS2_PLACEMENT_3D('',#4040,#3299,#3300);
#2739=AXIS2_PLACEMENT_3D('',#4043,#3302,#3303);
#2740=AXIS2_PLACEMENT_3D('',#4044,#3304,#3305);
#2741=AXIS2_PLACEMENT_3D('',#4050,#3309,#3310);
#2742=AXIS2_PLACEMENT_3D('',#4052,#3311,#3312);
#2743=AXIS2_PLACEMENT_3D('',#4055,#3314,#3315);
#2744=AXIS2_PLACEMENT_3D('',#4056,#3316,#3317);
#2745=AXIS2_PLACEMENT_3D('',#4059,#3320,#3321);
#2746=AXIS2_PLACEMENT_3D('',#4061,#3322,#3323);
#2747=AXIS2_PLACEMENT_3D('',#4064,#3325,#3326);
#2748=AXIS2_PLACEMENT_3D('',#4065,#3327,#3328);
#2749=AXIS2_PLACEMENT_3D('',#4071,#3332,#3333);
#2750=AXIS2_PLACEMENT_3D('',#4073,#3334,#3335);
#2751=AXIS2_PLACEMENT_3D('',#4076,#3337,#3338);
#2752=AXIS2_PLACEMENT_3D('',#4077,#3339,#3340);
#2753=AXIS2_PLACEMENT_3D('',#4080,#3343,#3344);
#2754=AXIS2_PLACEMENT_3D('',#4082,#3345,#3346);
#2755=AXIS2_PLACEMENT_3D('',#4085,#3348,#3349);
#2756=AXIS2_PLACEMENT_3D('',#4086,#3350,#3351);
#2757=AXIS2_PLACEMENT_3D('',#4089,#3354,#3355);
#2758=AXIS2_PLACEMENT_3D('',#4091,#3356,#3357);
#2759=AXIS2_PLACEMENT_3D('',#4094,#3359,#3360);
#2760=AXIS2_PLACEMENT_3D('',#4095,#3361,#3362);
#2761=AXIS2_PLACEMENT_3D('',#4098,#3365,#3366);
#2762=AXIS2_PLACEMENT_3D('',#4100,#3367,#3368);
#2763=AXIS2_PLACEMENT_3D('',#4103,#3370,#3371);
#2764=AXIS2_PLACEMENT_3D('',#4104,#3372,#3373);
#2765=AXIS2_PLACEMENT_3D('',#4107,#3376,#3377);
#2766=AXIS2_PLACEMENT_3D('',#4109,#3378,#3379);
#2767=AXIS2_PLACEMENT_3D('',#4112,#3381,#3382);
#2768=AXIS2_PLACEMENT_3D('',#4113,#3383,#3384);
#2769=AXIS2_PLACEMENT_3D('',#4116,#3387,#3388);
#2770=AXIS2_PLACEMENT_3D('',#4119,#3389,#3390);
#2771=AXIS2_PLACEMENT_3D('',#4123,#3392,#3393);
#2772=AXIS2_PLACEMENT_3D('',#4125,#3395,#3396);
#2773=AXIS2_PLACEMENT_3D('',#4131,#3400,#3401);
#2774=AXIS2_PLACEMENT_3D('',#4134,#3402,#3403);
#2775=AXIS2_PLACEMENT_3D('',#4138,#3405,#3406);
#2776=AXIS2_PLACEMENT_3D('',#4140,#3408,#3409);
#2777=AXIS2_PLACEMENT_3D('',#4143,#3412,#3413);
#2778=AXIS2_PLACEMENT_3D('',#4145,#3414,#3415);
#2779=AXIS2_PLACEMENT_3D('',#4148,#3417,#3418);
#2780=AXIS2_PLACEMENT_3D('',#4149,#3419,#3420);
#2781=AXIS2_PLACEMENT_3D('',#4152,#3423,#3424);
#2782=AXIS2_PLACEMENT_3D('',#4157,#3426,#3427);
#2783=AXIS2_PLACEMENT_3D('',#4161,#3429,#3430);
#2784=AXIS2_PLACEMENT_3D('',#4165,#3432,#3433);
#2785=AXIS2_PLACEMENT_3D('',#4169,#3435,#3436);
#2786=AXIS2_PLACEMENT_3D('',#4173,#3438,#3439);
#2787=AXIS2_PLACEMENT_3D('',#4177,#3441,#3442);
#2788=AXIS2_PLACEMENT_3D('',#4181,#3444,#3445);
#2789=AXIS2_PLACEMENT_3D('',#4184,#3447,#3448);
#2790=AXIS2_PLACEMENT_3D('',#4185,#3449,#3450);
#2791=AXIS2_PLACEMENT_3D('',#4191,#3454,#3455);
#2792=AXIS2_PLACEMENT_3D('',#4197,#3459,#3460);
#2793=AXIS2_PLACEMENT_3D('',#4201,#3462,#3463);
#2794=AXIS2_PLACEMENT_3D('',#4203,#3465,#3466);
#2795=AXIS2_PLACEMENT_3D('',#4207,#3469,#3470);
#2796=AXIS2_PLACEMENT_3D('',#4213,#3474,#3475);
#2797=AXIS2_PLACEMENT_3D('',#4216,#3477,#3478);
#2798=AXIS2_PLACEMENT_3D('',#4217,#3479,#3480);
#2799=AXIS2_PLACEMENT_3D('',#4220,#3482,#3483);
#2800=AXIS2_PLACEMENT_3D('',#4221,#3484,#3485);
#2801=AXIS2_PLACEMENT_3D('',#4225,#3488,#3489);
#2802=AXIS2_PLACEMENT_3D('',#4228,#3491,#3492);
#2803=AXIS2_PLACEMENT_3D('',#4229,#3493,#3494);
#2804=AXIS2_PLACEMENT_3D('',#4233,#3496,#3497);
#2805=AXIS2_PLACEMENT_3D('',#4237,#3499,#3500);
#2806=AXIS2_PLACEMENT_3D('',#4239,#3502,#3503);
#2807=AXIS2_PLACEMENT_3D('',#4243,#3505,#3506);
#2808=AXIS2_PLACEMENT_3D('',#4247,#3508,#3509);
#2809=AXIS2_PLACEMENT_3D('',#4249,#3511,#3512);
#2810=AXIS2_PLACEMENT_3D('',#4253,#3515,#3516);
#2811=AXIS2_PLACEMENT_3D('',#4257,#3518,#3519);
#2812=AXIS2_PLACEMENT_3D('',#4259,#3521,#3522);
#2813=AXIS2_PLACEMENT_3D('',#4263,#3525,#3526);
#2814=AXIS2_PLACEMENT_3D('',#4267,#3528,#3529);
#2815=AXIS2_PLACEMENT_3D('',#4269,#3531,#3532);
#2816=AXIS2_PLACEMENT_3D('',#4273,#3535,#3536);
#2817=AXIS2_PLACEMENT_3D('',#4277,#3539,#3540);
#2818=AXIS2_PLACEMENT_3D('',#4278,#3541,#3542);
#2819=AXIS2_PLACEMENT_3D('',#4279,#3543,#3544);
#2820=AXIS2_PLACEMENT_3D('',#4280,#3545,#3546);
#2821=AXIS2_PLACEMENT_3D('',#4281,#3547,#3548);
#2822=AXIS2_PLACEMENT_3D('',#4285,#3551,#3552);
#2823=AXIS2_PLACEMENT_3D('',#4289,#3554,#3555);
#2824=AXIS2_PLACEMENT_3D('',#4292,#3557,#3558);
#2825=AXIS2_PLACEMENT_3D('',#4294,#3559,#3560);
#2826=AXIS2_PLACEMENT_3D('',#4298,#3562,#3563);
#2827=AXIS2_PLACEMENT_3D('',#4300,#3565,#3566);
#2828=AXIS2_PLACEMENT_3D('',#4302,#3568,#3569);
#2829=AXIS2_PLACEMENT_3D('',#4304,#3571,#3572);
#2830=AXIS2_PLACEMENT_3D('',#4306,#3574,#3575);
#2831=AXIS2_PLACEMENT_3D('',#4308,#3577,#3578);
#2832=AXIS2_PLACEMENT_3D('',#4309,#3579,#3580);
#2833=AXIS2_PLACEMENT_3D('',#4311,#3582,#3583);
#2834=AXIS2_PLACEMENT_3D('',#4313,#3585,#3586);
#2835=DIRECTION('axis',(0.,0.,1.));
#2836=DIRECTION('refdir',(1.,0.,0.));
#2837=DIRECTION('center_axis',(0.,-1.,0.));
#2838=DIRECTION('ref_axis',(-1.,0.,0.));
#2839=DIRECTION('center_axis',(0.,-1.,0.));
#2840=DIRECTION('ref_axis',(-1.,0.,0.));
#2841=DIRECTION('',(0.,-1.,0.));
#2842=DIRECTION('center_axis',(0.,1.,0.));
#2843=DIRECTION('ref_axis',(-1.,0.,0.));
#2844=DIRECTION('center_axis',(0.,-1.,0.));
#2845=DIRECTION('ref_axis',(-1.,0.,0.));
#2846=DIRECTION('center_axis',(0.,-1.,0.));
#2847=DIRECTION('ref_axis',(-1.,0.,0.));
#2848=DIRECTION('',(0.,-1.,0.));
#2849=DIRECTION('center_axis',(0.,1.,0.));
#2850=DIRECTION('ref_axis',(-1.,0.,0.));
#2851=DIRECTION('center_axis',(0.,-1.,0.));
#2852=DIRECTION('ref_axis',(-1.,0.,0.));
#2853=DIRECTION('center_axis',(0.,1.,0.));
#2854=DIRECTION('ref_axis',(-1.,0.,0.));
#2855=DIRECTION('',(0.,1.,0.));
#2856=DIRECTION('center_axis',(0.,-1.,0.));
#2857=DIRECTION('ref_axis',(-1.,0.,0.));
#2858=DIRECTION('center_axis',(0.,-1.,0.));
#2859=DIRECTION('ref_axis',(-1.,0.,0.));
#2860=DIRECTION('center_axis',(0.,1.,0.));
#2861=DIRECTION('ref_axis',(-1.,0.,0.));
#2862=DIRECTION('',(0.,1.,0.));
#2863=DIRECTION('center_axis',(0.,-1.,0.));
#2864=DIRECTION('ref_axis',(-1.,0.,0.));
#2865=DIRECTION('center_axis',(0.,-1.,0.));
#2866=DIRECTION('ref_axis',(-1.,0.,0.));
#2867=DIRECTION('center_axis',(0.,1.,0.));
#2868=DIRECTION('ref_axis',(-1.,0.,0.));
#2869=DIRECTION('',(0.,1.,0.));
#2870=DIRECTION('center_axis',(0.,-1.,0.));
#2871=DIRECTION('ref_axis',(-1.,0.,0.));
#2872=DIRECTION('center_axis',(0.,-1.,0.));
#2873=DIRECTION('ref_axis',(-1.,0.,0.));
#2874=DIRECTION('center_axis',(0.,1.,0.));
#2875=DIRECTION('ref_axis',(-1.,0.,0.));
#2876=DIRECTION('',(0.,1.,0.));
#2877=DIRECTION('center_axis',(0.,-1.,0.));
#2878=DIRECTION('ref_axis',(-1.,0.,0.));
#2879=DIRECTION('center_axis',(0.,-1.,0.));
#2880=DIRECTION('ref_axis',(-1.,0.,0.));
#2881=DIRECTION('center_axis',(0.,1.,0.));
#2882=DIRECTION('ref_axis',(-1.,0.,0.));
#2883=DIRECTION('',(0.,1.,0.));
#2884=DIRECTION('center_axis',(0.,-1.,0.));
#2885=DIRECTION('ref_axis',(-1.,0.,0.));
#2886=DIRECTION('center_axis',(0.,-1.,0.));
#2887=DIRECTION('ref_axis',(-1.,0.,0.));
#2888=DIRECTION('center_axis',(0.,1.,0.));
#2889=DIRECTION('ref_axis',(-1.,0.,0.));
#2890=DIRECTION('',(0.,1.,0.));
#2891=DIRECTION('center_axis',(0.,-1.,0.));
#2892=DIRECTION('ref_axis',(-1.,0.,0.));
#2893=DIRECTION('center_axis',(0.,-1.,0.));
#2894=DIRECTION('ref_axis',(-1.,0.,0.));
#2895=DIRECTION('center_axis',(0.,1.,0.));
#2896=DIRECTION('ref_axis',(-1.,0.,0.));
#2897=DIRECTION('',(0.,1.,0.));
#2898=DIRECTION('center_axis',(0.,-1.,0.));
#2899=DIRECTION('ref_axis',(-1.,0.,0.));
#2900=DIRECTION('center_axis',(0.,-1.,0.));
#2901=DIRECTION('ref_axis',(-1.,0.,0.));
#2902=DIRECTION('center_axis',(0.,1.,0.));
#2903=DIRECTION('ref_axis',(-1.,0.,0.));
#2904=DIRECTION('',(0.,1.,0.));
#2905=DIRECTION('center_axis',(0.,-1.,0.));
#2906=DIRECTION('ref_axis',(-1.,0.,0.));
#2907=DIRECTION('center_axis',(0.,-1.,0.));
#2908=DIRECTION('ref_axis',(-1.,0.,0.));
#2909=DIRECTION('center_axis',(0.,1.,0.));
#2910=DIRECTION('ref_axis',(-1.,0.,0.));
#2911=DIRECTION('',(0.,1.,0.));
#2912=DIRECTION('center_axis',(0.,-1.,0.));
#2913=DIRECTION('ref_axis',(-1.,0.,0.));
#2914=DIRECTION('center_axis',(0.,-1.,0.));
#2915=DIRECTION('ref_axis',(-1.,0.,0.));
#2916=DIRECTION('center_axis',(0.,1.,0.));
#2917=DIRECTION('ref_axis',(-1.,0.,0.));
#2918=DIRECTION('',(0.,1.,0.));
#2919=DIRECTION('center_axis',(0.,-1.,0.));
#2920=DIRECTION('ref_axis',(-1.,0.,0.));
#2921=DIRECTION('center_axis',(0.,-1.,0.));
#2922=DIRECTION('ref_axis',(-1.,0.,0.));
#2923=DIRECTION('center_axis',(0.,1.,0.));
#2924=DIRECTION('ref_axis',(-1.,0.,0.));
#2925=DIRECTION('',(0.,1.,0.));
#2926=DIRECTION('center_axis',(0.,-1.,0.));
#2927=DIRECTION('ref_axis',(-1.,0.,0.));
#2928=DIRECTION('center_axis',(0.,-1.,0.));
#2929=DIRECTION('ref_axis',(-1.,0.,0.));
#2930=DIRECTION('center_axis',(0.,1.,0.));
#2931=DIRECTION('ref_axis',(-1.,0.,0.));
#2932=DIRECTION('',(0.,1.,0.));
#2933=DIRECTION('center_axis',(0.,-1.,0.));
#2934=DIRECTION('ref_axis',(-1.,0.,0.));
#2935=DIRECTION('center_axis',(0.,-1.,0.));
#2936=DIRECTION('ref_axis',(-1.,0.,0.));
#2937=DIRECTION('center_axis',(0.,1.,0.));
#2938=DIRECTION('ref_axis',(-1.,0.,0.));
#2939=DIRECTION('',(0.,1.,0.));
#2940=DIRECTION('center_axis',(0.,-1.,0.));
#2941=DIRECTION('ref_axis',(-1.,0.,0.));
#2942=DIRECTION('center_axis',(0.,-1.,0.));
#2943=DIRECTION('ref_axis',(-1.,0.,0.));
#2944=DIRECTION('center_axis',(0.,1.,0.));
#2945=DIRECTION('ref_axis',(-1.,0.,0.));
#2946=DIRECTION('',(0.,1.,0.));
#2947=DIRECTION('center_axis',(0.,-1.,0.));
#2948=DIRECTION('ref_axis',(-1.,0.,0.));
#2949=DIRECTION('center_axis',(0.,-1.,0.));
#2950=DIRECTION('ref_axis',(-1.,0.,0.));
#2951=DIRECTION('center_axis',(0.,1.,0.));
#2952=DIRECTION('ref_axis',(-1.,0.,0.));
#2953=DIRECTION('',(0.,1.,0.));
#2954=DIRECTION('center_axis',(0.,-1.,0.));
#2955=DIRECTION('ref_axis',(-1.,0.,0.));
#2956=DIRECTION('center_axis',(0.,-1.,0.));
#2957=DIRECTION('ref_axis',(-1.,0.,0.));
#2958=DIRECTION('center_axis',(0.,1.,0.));
#2959=DIRECTION('ref_axis',(-1.,0.,0.));
#2960=DIRECTION('',(0.,1.,0.));
#2961=DIRECTION('center_axis',(0.,-1.,0.));
#2962=DIRECTION('ref_axis',(-1.,0.,0.));
#2963=DIRECTION('center_axis',(0.,-1.,0.));
#2964=DIRECTION('ref_axis',(-1.,0.,0.));
#2965=DIRECTION('center_axis',(0.,1.,0.));
#2966=DIRECTION('ref_axis',(-1.,0.,0.));
#2967=DIRECTION('',(0.,1.,0.));
#2968=DIRECTION('center_axis',(0.,-1.,0.));
#2969=DIRECTION('ref_axis',(-1.,0.,0.));
#2970=DIRECTION('center_axis',(0.,-1.,0.));
#2971=DIRECTION('ref_axis',(-1.,0.,0.));
#2972=DIRECTION('center_axis',(0.,1.,0.));
#2973=DIRECTION('ref_axis',(-1.,0.,0.));
#2974=DIRECTION('',(0.,1.,0.));
#2975=DIRECTION('center_axis',(0.,-1.,0.));
#2976=DIRECTION('ref_axis',(-1.,0.,0.));
#2977=DIRECTION('center_axis',(0.,-1.,0.));
#2978=DIRECTION('ref_axis',(-1.,0.,0.));
#2979=DIRECTION('center_axis',(0.,1.,0.));
#2980=DIRECTION('ref_axis',(-1.,0.,0.));
#2981=DIRECTION('',(0.,1.,0.));
#2982=DIRECTION('center_axis',(0.,-1.,0.));
#2983=DIRECTION('ref_axis',(-1.,0.,0.));
#2984=DIRECTION('center_axis',(0.,-1.,0.));
#2985=DIRECTION('ref_axis',(-1.,0.,0.));
#2986=DIRECTION('center_axis',(0.,1.,0.));
#2987=DIRECTION('ref_axis',(-1.,0.,0.));
#2988=DIRECTION('',(0.,1.,0.));
#2989=DIRECTION('center_axis',(0.,-1.,0.));
#2990=DIRECTION('ref_axis',(-1.,0.,0.));
#2991=DIRECTION('center_axis',(0.,1.,0.));
#2992=DIRECTION('ref_axis',(-0.923879532511302,0.,0.382683432365053));
#2993=DIRECTION('center_axis',(0.,-1.,0.));
#2994=DIRECTION('ref_axis',(-0.923879532511302,0.,0.382683432365053));
#2995=DIRECTION('',(0.,1.,0.));
#2996=DIRECTION('center_axis',(0.,1.,0.));
#2997=DIRECTION('ref_axis',(-0.923879532511302,0.,0.382683432365053));
#2998=DIRECTION('',(0.,-1.,0.));
#2999=DIRECTION('center_axis',(-0.707106781186517,0.,-0.707106781186578));
#3000=DIRECTION('ref_axis',(-0.707106781186578,0.,0.707106781186517));
#3001=DIRECTION('',(-0.707106781186578,0.,0.707106781186517));
#3002=DIRECTION('',(0.,-1.,0.));
#3003=DIRECTION('',(0.707106781186578,0.,-0.707106781186517));
#3004=DIRECTION('center_axis',(0.,1.,0.));
#3005=DIRECTION('ref_axis',(-0.382683432365074,0.,0.923879532511294));
#3006=DIRECTION('center_axis',(0.,-1.,0.));
#3007=DIRECTION('ref_axis',(-0.382683432365074,0.,0.923879532511294));
#3008=DIRECTION('',(0.,1.,0.));
#3009=DIRECTION('center_axis',(0.,1.,0.));
#3010=DIRECTION('ref_axis',(-0.382683432365074,0.,0.923879532511294));
#3011=DIRECTION('',(0.,-1.,0.));
#3012=DIRECTION('center_axis',(-1.,0.,0.));
#3013=DIRECTION('ref_axis',(0.,0.,1.));
#3014=DIRECTION('',(0.,0.,1.));
#3015=DIRECTION('',(0.,-1.,0.));
#3016=DIRECTION('',(0.,0.,-1.));
#3017=DIRECTION('center_axis',(0.,1.,0.));
#3018=DIRECTION('ref_axis',(0.382683432365052,0.,0.923879532511303));
#3019=DIRECTION('center_axis',(0.,-1.,0.));
#3020=DIRECTION('ref_axis',(0.382683432365052,0.,0.923879532511303));
#3021=DIRECTION('',(0.,1.,0.));
#3022=DIRECTION('center_axis',(0.,1.,0.));
#3023=DIRECTION('ref_axis',(0.382683432365052,0.,0.923879532511303));
#3024=DIRECTION('',(0.,-1.,0.));
#3025=DIRECTION('center_axis',(-0.707106781186548,0.,0.707106781186547));
#3026=DIRECTION('ref_axis',(0.707106781186547,0.,0.707106781186548));
#3027=DIRECTION('',(0.707106781186547,0.,0.707106781186548));
#3028=DIRECTION('',(0.,-1.,0.));
#3029=DIRECTION('',(-0.707106781186547,0.,-0.707106781186548));
#3030=DIRECTION('center_axis',(0.,1.,0.));
#3031=DIRECTION('ref_axis',(0.382683432365052,0.,0.923879532511303));
#3032=DIRECTION('center_axis',(0.,-1.,0.));
#3033=DIRECTION('ref_axis',(0.382683432365052,0.,0.923879532511303));
#3034=DIRECTION('',(0.,1.,0.));
#3035=DIRECTION('center_axis',(0.,1.,0.));
#3036=DIRECTION('ref_axis',(0.382683432365052,0.,0.923879532511303));
#3037=DIRECTION('',(0.,-1.,0.));
#3038=DIRECTION('center_axis',(-0.707106781186548,0.,0.707106781186547));
#3039=DIRECTION('ref_axis',(0.707106781186547,0.,0.707106781186548));
#3040=DIRECTION('',(0.707106781186547,0.,0.707106781186548));
#3041=DIRECTION('',(0.,-1.,0.));
#3042=DIRECTION('',(-0.707106781186547,0.,-0.707106781186548));
#3043=DIRECTION('center_axis',(0.,1.,0.));
#3044=DIRECTION('ref_axis',(0.923879532511307,0.,-0.382683432365042));
#3045=DIRECTION('center_axis',(0.,-1.,0.));
#3046=DIRECTION('ref_axis',(0.923879532511307,0.,-0.382683432365042));
#3047=DIRECTION('',(0.,1.,0.));
#3048=DIRECTION('center_axis',(0.,1.,0.));
#3049=DIRECTION('ref_axis',(0.923879532511307,0.,-0.382683432365042));
#3050=DIRECTION('',(0.,-1.,0.));
#3051=DIRECTION('center_axis',(0.707106781186548,0.,0.707106781186548));
#3052=DIRECTION('ref_axis',(0.707106781186548,0.,-0.707106781186548));
#3053=DIRECTION('',(0.707106781186548,0.,-0.707106781186548));
#3054=DIRECTION('',(0.,-1.,0.));
#3055=DIRECTION('',(-0.707106781186548,0.,0.707106781186548));
#3056=DIRECTION('center_axis',(0.,1.,0.));
#3057=DIRECTION('ref_axis',(0.707106781186556,0.,-0.707106781186539));
#3058=DIRECTION('center_axis',(0.,-1.,0.));
#3059=DIRECTION('ref_axis',(0.707106781186556,0.,-0.707106781186539));
#3060=DIRECTION('',(0.,1.,0.));
#3061=DIRECTION('center_axis',(0.,1.,0.));
#3062=DIRECTION('ref_axis',(0.707106781186556,0.,-0.707106781186539));
#3063=DIRECTION('',(0.,-1.,0.));
#3064=DIRECTION('center_axis',(1.,0.,0.));
#3065=DIRECTION('ref_axis',(0.,0.,-1.));
#3066=DIRECTION('',(0.,0.,1.));
#3067=DIRECTION('',(0.,0.,-1.));
#3068=DIRECTION('center_axis',(0.,1.,0.));
#3069=DIRECTION('ref_axis',(0.923879532511309,0.,-0.382683432365036));
#3070=DIRECTION('center_axis',(0.,-1.,0.));
#3071=DIRECTION('ref_axis',(0.923879532511309,0.,-0.382683432365036));
#3072=DIRECTION('',(0.,1.,0.));
#3073=DIRECTION('center_axis',(0.,1.,0.));
#3074=DIRECTION('ref_axis',(0.923879532511309,0.,-0.382683432365036));
#3075=DIRECTION('',(0.,-1.,0.));
#3076=DIRECTION('center_axis',(0.707106781186548,0.,0.707106781186548));
#3077=DIRECTION('ref_axis',(0.707106781186548,0.,-0.707106781186548));
#3078=DIRECTION('',(0.707106781186548,0.,-0.707106781186548));
#3079=DIRECTION('',(0.,-1.,0.));
#3080=DIRECTION('',(-0.707106781186548,0.,0.707106781186548));
#3081=DIRECTION('center_axis',(0.,1.,0.));
#3082=DIRECTION('ref_axis',(0.707106781186556,0.,-0.707106781186539));
#3083=DIRECTION('center_axis',(0.,-1.,0.));
#3084=DIRECTION('ref_axis',(0.707106781186556,0.,-0.707106781186539));
#3085=DIRECTION('',(0.,1.,0.));
#3086=DIRECTION('center_axis',(0.,1.,0.));
#3087=DIRECTION('ref_axis',(0.707106781186556,0.,-0.707106781186539));
#3088=DIRECTION('',(0.,-1.,0.));
#3089=DIRECTION('center_axis',(1.,0.,0.));
#3090=DIRECTION('ref_axis',(0.,0.,-1.));
#3091=DIRECTION('',(0.,0.,1.));
#3092=DIRECTION('',(0.,0.,-1.));
#3093=DIRECTION('center_axis',(0.,1.,0.));
#3094=DIRECTION('ref_axis',(0.923879532511304,0.,-0.382683432365047));
#3095=DIRECTION('center_axis',(0.,-1.,0.));
#3096=DIRECTION('ref_axis',(0.923879532511304,0.,-0.382683432365047));
#3097=DIRECTION('',(0.,1.,0.));
#3098=DIRECTION('center_axis',(0.,1.,0.));
#3099=DIRECTION('ref_axis',(0.923879532511304,0.,-0.382683432365047));
#3100=DIRECTION('',(0.,-1.,0.));
#3101=DIRECTION('center_axis',(0.707106781186547,0.,0.707106781186548));
#3102=DIRECTION('ref_axis',(0.707106781186548,0.,-0.707106781186547));
#3103=DIRECTION('',(-0.707106781186548,0.,0.707106781186547));
#3104=DIRECTION('',(0.707106781186548,0.,-0.707106781186547));
#3105=DIRECTION('center_axis',(0.,1.,0.));
#3106=DIRECTION('ref_axis',(-0.382683432365047,0.,-0.923879532511304));
#3107=DIRECTION('center_axis',(0.,-1.,0.));
#3108=DIRECTION('ref_axis',(-0.382683432365047,0.,-0.923879532511304));
#3109=DIRECTION('',(0.,1.,0.));
#3110=DIRECTION('center_axis',(0.,1.,0.));
#3111=DIRECTION('ref_axis',(-0.382683432365047,0.,-0.923879532511304));
#3112=DIRECTION('',(0.,-1.,0.));
#3113=DIRECTION('center_axis',(0.707106781186548,0.,-0.707106781186548));
#3114=DIRECTION('ref_axis',(-0.707106781186548,0.,-0.707106781186548));
#3115=DIRECTION('',(-0.707106781186548,0.,-0.707106781186548));
#3116=DIRECTION('',(0.,-1.,0.));
#3117=DIRECTION('',(0.707106781186548,0.,0.707106781186548));
#3118=DIRECTION('center_axis',(0.,1.,0.));
#3119=DIRECTION('ref_axis',(0.382683432365025,0.,-0.923879532511313));
#3120=DIRECTION('center_axis',(0.,-1.,0.));
#3121=DIRECTION('ref_axis',(0.382683432365025,0.,-0.923879532511313));
#3122=DIRECTION('',(0.,1.,0.));
#3123=DIRECTION('center_axis',(0.,1.,0.));
#3124=DIRECTION('ref_axis',(0.382683432365025,0.,-0.923879532511313));
#3125=DIRECTION('',(0.,-1.,0.));
#3126=DIRECTION('center_axis',(1.,0.,0.));
#3127=DIRECTION('ref_axis',(0.,0.,-1.));
#3128=DIRECTION('',(0.,0.,-1.));
#3129=DIRECTION('',(0.,-1.,0.));
#3130=DIRECTION('',(0.,0.,1.));
#3131=DIRECTION('center_axis',(0.,1.,0.));
#3132=DIRECTION('ref_axis',(-0.382683432365074,0.,-0.923879532511294));
#3133=DIRECTION('center_axis',(0.,-1.,0.));
#3134=DIRECTION('ref_axis',(-0.382683432365074,0.,-0.923879532511294));
#3135=DIRECTION('',(0.,1.,0.));
#3136=DIRECTION('center_axis',(0.,1.,0.));
#3137=DIRECTION('ref_axis',(-0.382683432365074,0.,-0.923879532511294));
#3138=DIRECTION('',(0.,-1.,0.));
#3139=DIRECTION('center_axis',(0.707106781186548,0.,-0.707106781186548));
#3140=DIRECTION('ref_axis',(-0.707106781186548,0.,-0.707106781186548));
#3141=DIRECTION('',(-0.707106781186548,0.,-0.707106781186548));
#3142=DIRECTION('',(0.,-1.,0.));
#3143=DIRECTION('',(0.707106781186548,0.,0.707106781186548));
#3144=DIRECTION('center_axis',(0.,1.,0.));
#3145=DIRECTION('ref_axis',(0.382683432365052,0.,-0.923879532511303));
#3146=DIRECTION('center_axis',(0.,-1.,0.));
#3147=DIRECTION('ref_axis',(0.382683432365052,0.,-0.923879532511303));
#3148=DIRECTION('',(0.,1.,0.));
#3149=DIRECTION('center_axis',(0.,1.,0.));
#3150=DIRECTION('ref_axis',(0.382683432365052,0.,-0.923879532511303));
#3151=DIRECTION('',(0.,-1.,0.));
#3152=DIRECTION('center_axis',(1.,0.,0.));
#3153=DIRECTION('ref_axis',(0.,0.,-1.));
#3154=DIRECTION('',(0.,0.,-1.));
#3155=DIRECTION('',(0.,-1.,0.));
#3156=DIRECTION('',(0.,0.,1.));
#3157=DIRECTION('center_axis',(0.,1.,0.));
#3158=DIRECTION('ref_axis',(-0.3826834323651,0.,-0.923879532511283));
#3159=DIRECTION('center_axis',(0.,-1.,0.));
#3160=DIRECTION('ref_axis',(-0.3826834323651,0.,-0.923879532511283));
#3161=DIRECTION('',(0.,1.,0.));
#3162=DIRECTION('center_axis',(0.,1.,0.));
#3163=DIRECTION('ref_axis',(-0.3826834323651,0.,-0.923879532511283));
#3164=DIRECTION('',(0.,-1.,0.));
#3165=DIRECTION('center_axis',(0.707106781186548,0.,-0.707106781186548));
#3166=DIRECTION('ref_axis',(-0.707106781186548,0.,-0.707106781186548));
#3167=DIRECTION('',(-0.707106781186548,0.,-0.707106781186548));
#3168=DIRECTION('',(0.,-1.,0.));
#3169=DIRECTION('',(0.707106781186548,0.,0.707106781186548));
#3170=DIRECTION('center_axis',(0.,1.,0.));
#3171=DIRECTION('ref_axis',(0.382683432365105,0.,-0.923879532511281));
#3172=DIRECTION('center_axis',(0.,-1.,0.));
#3173=DIRECTION('ref_axis',(0.382683432365105,0.,-0.923879532511281));
#3174=DIRECTION('',(0.,1.,0.));
#3175=DIRECTION('center_axis',(0.,1.,0.));
#3176=DIRECTION('ref_axis',(0.382683432365105,0.,-0.923879532511281));
#3177=DIRECTION('center_axis',(1.,0.,0.));
#3178=DIRECTION('ref_axis',(0.,0.,-1.));
#3179=DIRECTION('',(0.,0.,-1.));
#3180=DIRECTION('',(0.,-1.,0.));
#3181=DIRECTION('',(0.,0.,1.));
#3182=DIRECTION('center_axis',(0.,1.,0.));
#3183=DIRECTION('ref_axis',(0.707106781186552,0.,0.707106781186543));
#3184=DIRECTION('center_axis',(0.,-1.,0.));
#3185=DIRECTION('ref_axis',(0.707106781186552,0.,0.707106781186543));
#3186=DIRECTION('',(0.,1.,0.));
#3187=DIRECTION('center_axis',(0.,1.,0.));
#3188=DIRECTION('ref_axis',(0.707106781186552,0.,0.707106781186543));
#3189=DIRECTION('center_axis',(0.,0.,1.));
#3190=DIRECTION('ref_axis',(1.,0.,0.));
#3191=DIRECTION('',(-1.,0.,0.));
#3192=DIRECTION('',(1.,0.,0.));
#3193=DIRECTION('center_axis',(0.,1.,0.));
#3194=DIRECTION('ref_axis',(0.923879532511309,0.,0.382683432365036));
#3195=DIRECTION('center_axis',(0.,-1.,0.));
#3196=DIRECTION('ref_axis',(0.923879532511309,0.,0.382683432365036));
#3197=DIRECTION('',(0.,1.,0.));
#3198=DIRECTION('center_axis',(0.,1.,0.));
#3199=DIRECTION('ref_axis',(0.923879532511309,0.,0.382683432365036));
#3200=DIRECTION('center_axis',(0.,0.,1.));
#3201=DIRECTION('ref_axis',(1.,0.,0.));
#3202=DIRECTION('',(1.,0.,0.));
#3203=DIRECTION('',(0.,-1.,0.));
#3204=DIRECTION('',(-1.,0.,0.));
#3205=DIRECTION('center_axis',(0.,1.,0.));
#3206=DIRECTION('ref_axis',(0.923879532511309,0.,0.382683432365036));
#3207=DIRECTION('center_axis',(0.,-1.,0.));
#3208=DIRECTION('ref_axis',(0.923879532511309,0.,0.382683432365036));
#3209=DIRECTION('',(0.,1.,0.));
#3210=DIRECTION('center_axis',(0.,1.,0.));
#3211=DIRECTION('ref_axis',(0.923879532511309,0.,0.382683432365036));
#3212=DIRECTION('center_axis',(0.,0.,1.));
#3213=DIRECTION('ref_axis',(1.,0.,0.));
#3214=DIRECTION('',(1.,0.,0.));
#3215=DIRECTION('',(0.,-1.,0.));
#3216=DIRECTION('',(-1.,0.,0.));
#3217=DIRECTION('center_axis',(0.,1.,0.));
#3218=DIRECTION('ref_axis',(0.707106781186548,0.,0.707106781186548));
#3219=DIRECTION('center_axis',(0.,-1.,0.));
#3220=DIRECTION('ref_axis',(0.707106781186548,0.,0.707106781186548));
#3221=DIRECTION('',(0.,1.,0.));
#3222=DIRECTION('center_axis',(0.,1.,0.));
#3223=DIRECTION('ref_axis',(0.707106781186548,0.,0.707106781186548));
#3224=DIRECTION('center_axis',(0.,0.,1.));
#3225=DIRECTION('ref_axis',(1.,0.,0.));
#3226=DIRECTION('',(1.,0.,0.));
#3227=DIRECTION('',(0.,-1.,0.));
#3228=DIRECTION('',(-1.,0.,0.));
#3229=DIRECTION('center_axis',(0.,1.,0.));
#3230=DIRECTION('ref_axis',(0.923879532511304,0.,0.382683432365047));
#3231=DIRECTION('center_axis',(0.,-1.,0.));
#3232=DIRECTION('ref_axis',(0.923879532511304,0.,0.382683432365047));
#3233=DIRECTION('',(0.,1.,0.));
#3234=DIRECTION('center_axis',(0.,1.,0.));
#3235=DIRECTION('ref_axis',(0.923879532511304,0.,0.382683432365047));
#3236=DIRECTION('center_axis',(0.,0.,1.));
#3237=DIRECTION('ref_axis',(1.,0.,0.));
#3238=DIRECTION('',(1.,0.,0.));
#3239=DIRECTION('',(0.,-1.,0.));
#3240=DIRECTION('',(-1.,0.,0.));
#3241=DIRECTION('center_axis',(0.,1.,0.));
#3242=DIRECTION('ref_axis',(0.707106781186556,0.,0.707106781186539));
#3243=DIRECTION('center_axis',(0.,-1.,0.));
#3244=DIRECTION('ref_axis',(0.707106781186556,0.,0.707106781186539));
#3245=DIRECTION('',(0.,1.,0.));
#3246=DIRECTION('center_axis',(0.,1.,0.));
#3247=DIRECTION('ref_axis',(0.707106781186556,0.,0.707106781186539));
#3248=DIRECTION('center_axis',(0.,0.,1.));
#3249=DIRECTION('ref_axis',(1.,0.,0.));
#3250=DIRECTION('',(1.,0.,0.));
#3251=DIRECTION('',(0.,-1.,0.));
#3252=DIRECTION('',(-1.,0.,0.));
#3253=DIRECTION('center_axis',(0.,1.,0.));
#3254=DIRECTION('ref_axis',(-0.707106781186548,0.,0.707106781186548));
#3255=DIRECTION('center_axis',(0.,-1.,0.));
#3256=DIRECTION('ref_axis',(-0.707106781186548,0.,0.707106781186548));
#3257=DIRECTION('',(0.,1.,0.));
#3258=DIRECTION('center_axis',(0.,1.,0.));
#3259=DIRECTION('ref_axis',(-0.707106781186548,0.,0.707106781186548));
#3260=DIRECTION('center_axis',(-1.,0.,0.));
#3261=DIRECTION('ref_axis',(0.,0.,1.));
#3262=DIRECTION('',(0.,0.,-1.));
#3263=DIRECTION('',(0.,0.,1.));
#3264=DIRECTION('center_axis',(0.,1.,0.));
#3265=DIRECTION('ref_axis',(-0.923879532511309,0.,0.382683432365036));
#3266=DIRECTION('center_axis',(0.,-1.,0.));
#3267=DIRECTION('ref_axis',(-0.923879532511309,0.,0.382683432365036));
#3268=DIRECTION('',(0.,1.,0.));
#3269=DIRECTION('center_axis',(0.,1.,0.));
#3270=DIRECTION('ref_axis',(-0.923879532511309,0.,0.382683432365036));
#3271=DIRECTION('center_axis',(-0.707106781186546,0.,-0.707106781186549));
#3272=DIRECTION('ref_axis',(-0.707106781186549,0.,0.707106781186546));
#3273=DIRECTION('',(0.707106781186549,0.,-0.707106781186546));
#3274=DIRECTION('',(-0.707106781186549,0.,0.707106781186546));
#3275=DIRECTION('center_axis',(0.,1.,0.));
#3276=DIRECTION('ref_axis',(-0.707106781186556,0.,0.707106781186539));
#3277=DIRECTION('center_axis',(0.,-1.,0.));
#3278=DIRECTION('ref_axis',(-0.707106781186556,0.,0.707106781186539));
#3279=DIRECTION('',(0.,1.,0.));
#3280=DIRECTION('center_axis',(0.,1.,0.));
#3281=DIRECTION('ref_axis',(-0.707106781186556,0.,0.707106781186539));
#3282=DIRECTION('center_axis',(-1.,0.,0.));
#3283=DIRECTION('ref_axis',(0.,0.,1.));
#3284=DIRECTION('',(0.,0.,-1.));
#3285=DIRECTION('',(0.,0.,1.));
#3286=DIRECTION('center_axis',(0.,1.,0.));
#3287=DIRECTION('ref_axis',(-0.923879532511309,0.,0.382683432365036));
#3288=DIRECTION('center_axis',(0.,-1.,0.));
#3289=DIRECTION('ref_axis',(-0.923879532511309,0.,0.382683432365036));
#3290=DIRECTION('',(0.,1.,0.));
#3291=DIRECTION('center_axis',(0.,1.,0.));
#3292=DIRECTION('ref_axis',(-0.923879532511309,0.,0.382683432365036));
#3293=DIRECTION('center_axis',(-0.707106781186548,0.,-0.707106781186548));
#3294=DIRECTION('ref_axis',(-0.707106781186548,0.,0.707106781186548));
#3295=DIRECTION('',(0.707106781186548,0.,-0.707106781186548));
#3296=DIRECTION('',(-0.707106781186548,0.,0.707106781186548));
#3297=DIRECTION('center_axis',(0.,1.,0.));
#3298=DIRECTION('ref_axis',(-0.382683432365074,0.,0.923879532511294));
#3299=DIRECTION('center_axis',(0.,-1.,0.));
#3300=DIRECTION('ref_axis',(-0.382683432365074,0.,0.923879532511294));
#3301=DIRECTION('',(0.,1.,0.));
#3302=DIRECTION('center_axis',(0.,1.,0.));
#3303=DIRECTION('ref_axis',(-0.382683432365074,0.,0.923879532511294));
#3304=DIRECTION('center_axis',(-1.,0.,0.));
#3305=DIRECTION('ref_axis',(0.,0.,1.));
#3306=DIRECTION('',(0.,0.,1.));
#3307=DIRECTION('',(0.,-1.,0.));
#3308=DIRECTION('',(0.,0.,-1.));
#3309=DIRECTION('center_axis',(0.,1.,0.));
#3310=DIRECTION('ref_axis',(-0.707106781186552,0.,0.707106781186543));
#3311=DIRECTION('center_axis',(0.,-1.,0.));
#3312=DIRECTION('ref_axis',(-0.707106781186552,0.,0.707106781186543));
#3313=DIRECTION('',(0.,1.,0.));
#3314=DIRECTION('center_axis',(0.,1.,0.));
#3315=DIRECTION('ref_axis',(-0.707106781186552,0.,0.707106781186543));
#3316=DIRECTION('center_axis',(-1.,0.,0.));
#3317=DIRECTION('ref_axis',(0.,0.,1.));
#3318=DIRECTION('',(0.,0.,-1.));
#3319=DIRECTION('',(0.,0.,1.));
#3320=DIRECTION('center_axis',(0.,1.,0.));
#3321=DIRECTION('ref_axis',(-0.382683432365087,0.,0.923879532511288));
#3322=DIRECTION('center_axis',(0.,-1.,0.));
#3323=DIRECTION('ref_axis',(-0.382683432365087,0.,0.923879532511288));
#3324=DIRECTION('',(0.,1.,0.));
#3325=DIRECTION('center_axis',(0.,1.,0.));
#3326=DIRECTION('ref_axis',(-0.382683432365087,0.,0.923879532511288));
#3327=DIRECTION('center_axis',(-1.,0.,0.));
#3328=DIRECTION('ref_axis',(0.,0.,1.));
#3329=DIRECTION('',(0.,0.,1.));
#3330=DIRECTION('',(0.,-1.,0.));
#3331=DIRECTION('',(0.,0.,-1.));
#3332=DIRECTION('center_axis',(0.,1.,0.));
#3333=DIRECTION('ref_axis',(-0.707106781186552,0.,-0.707106781186543));
#3334=DIRECTION('center_axis',(0.,-1.,0.));
#3335=DIRECTION('ref_axis',(-0.707106781186552,0.,-0.707106781186543));
#3336=DIRECTION('',(0.,1.,0.));
#3337=DIRECTION('center_axis',(0.,1.,0.));
#3338=DIRECTION('ref_axis',(-0.707106781186552,0.,-0.707106781186543));
#3339=DIRECTION('center_axis',(0.,0.,-1.));
#3340=DIRECTION('ref_axis',(-1.,0.,0.));
#3341=DIRECTION('',(1.,0.,0.));
#3342=DIRECTION('',(-1.,0.,0.));
#3343=DIRECTION('center_axis',(0.,1.,0.));
#3344=DIRECTION('ref_axis',(-0.923879532511309,0.,-0.382683432365036));
#3345=DIRECTION('center_axis',(0.,-1.,0.));
#3346=DIRECTION('ref_axis',(-0.923879532511309,0.,-0.382683432365036));
#3347=DIRECTION('',(0.,1.,0.));
#3348=DIRECTION('center_axis',(0.,1.,0.));
#3349=DIRECTION('ref_axis',(-0.923879532511309,0.,-0.382683432365036));
#3350=DIRECTION('center_axis',(0.,0.,-1.));
#3351=DIRECTION('ref_axis',(-1.,0.,0.));
#3352=DIRECTION('',(1.,0.,0.));
#3353=DIRECTION('',(-1.,0.,0.));
#3354=DIRECTION('center_axis',(0.,1.,0.));
#3355=DIRECTION('ref_axis',(-0.707106781186548,0.,-0.707106781186548));
#3356=DIRECTION('center_axis',(0.,-1.,0.));
#3357=DIRECTION('ref_axis',(-0.707106781186548,0.,-0.707106781186548));
#3358=DIRECTION('',(0.,1.,0.));
#3359=DIRECTION('center_axis',(0.,1.,0.));
#3360=DIRECTION('ref_axis',(-0.707106781186548,0.,-0.707106781186548));
#3361=DIRECTION('center_axis',(0.,0.,-1.));
#3362=DIRECTION('ref_axis',(-1.,0.,0.));
#3363=DIRECTION('',(1.,0.,0.));
#3364=DIRECTION('',(-1.,0.,0.));
#3365=DIRECTION('center_axis',(0.,1.,0.));
#3366=DIRECTION('ref_axis',(-0.923879532511309,0.,-0.382683432365036));
#3367=DIRECTION('center_axis',(0.,-1.,0.));
#3368=DIRECTION('ref_axis',(-0.923879532511309,0.,-0.382683432365036));
#3369=DIRECTION('',(0.,1.,0.));
#3370=DIRECTION('center_axis',(0.,1.,0.));
#3371=DIRECTION('ref_axis',(-0.923879532511309,0.,-0.382683432365036));
#3372=DIRECTION('center_axis',(0.,0.,-1.));
#3373=DIRECTION('ref_axis',(-1.,0.,0.));
#3374=DIRECTION('',(1.,0.,0.));
#3375=DIRECTION('',(-1.,0.,0.));
#3376=DIRECTION('center_axis',(0.,1.,0.));
#3377=DIRECTION('ref_axis',(-0.707106781186548,0.,-0.707106781186548));
#3378=DIRECTION('center_axis',(0.,-1.,0.));
#3379=DIRECTION('ref_axis',(-0.707106781186548,0.,-0.707106781186548));
#3380=DIRECTION('',(0.,1.,0.));
#3381=DIRECTION('center_axis',(0.,1.,0.));
#3382=DIRECTION('ref_axis',(-0.707106781186548,0.,-0.707106781186548));
#3383=DIRECTION('center_axis',(0.,0.,-1.));
#3384=DIRECTION('ref_axis',(-1.,0.,0.));
#3385=DIRECTION('',(1.,0.,0.));
#3386=DIRECTION('',(-1.,0.,0.));
#3387=DIRECTION('center_axis',(0.,1.,0.));
#3388=DIRECTION('ref_axis',(-0.923879532511313,0.,-0.382683432365025));
#3389=DIRECTION('center_axis',(0.,-1.,0.));
#3390=DIRECTION('ref_axis',(-0.923879532511313,0.,-0.382683432365025));
#3391=DIRECTION('',(0.,1.,0.));
#3392=DIRECTION('center_axis',(0.,1.,0.));
#3393=DIRECTION('ref_axis',(-0.923879532511313,0.,-0.382683432365025));
#3394=DIRECTION('',(0.,-1.,0.));
#3395=DIRECTION('center_axis',(0.,0.,-1.));
#3396=DIRECTION('ref_axis',(-1.,0.,0.));
#3397=DIRECTION('',(-1.,0.,0.));
#3398=DIRECTION('',(0.,-1.,0.));
#3399=DIRECTION('',(1.,0.,0.));
#3400=DIRECTION('center_axis',(0.,1.,0.));
#3401=DIRECTION('ref_axis',(0.382683432365047,0.,0.923879532511304));
#3402=DIRECTION('center_axis',(0.,-1.,0.));
#3403=DIRECTION('ref_axis',(0.382683432365047,0.,0.923879532511304));
#3404=DIRECTION('',(0.,1.,0.));
#3405=DIRECTION('center_axis',(0.,1.,0.));
#3406=DIRECTION('ref_axis',(0.382683432365047,0.,0.923879532511304));
#3407=DIRECTION('',(0.,-1.,0.));
#3408=DIRECTION('center_axis',(-0.707106781186548,0.,0.707106781186548));
#3409=DIRECTION('ref_axis',(0.707106781186548,0.,0.707106781186548));
#3410=DIRECTION('',(-0.707106781186548,0.,-0.707106781186548));
#3411=DIRECTION('',(0.707106781186548,0.,0.707106781186548));
#3412=DIRECTION('center_axis',(0.,1.,0.));
#3413=DIRECTION('ref_axis',(0.707106781186548,0.,-0.707106781186548));
#3414=DIRECTION('center_axis',(0.,-1.,0.));
#3415=DIRECTION('ref_axis',(0.707106781186548,0.,-0.707106781186548));
#3416=DIRECTION('',(0.,1.,0.));
#3417=DIRECTION('center_axis',(0.,1.,0.));
#3418=DIRECTION('ref_axis',(0.707106781186548,0.,-0.707106781186548));
#3419=DIRECTION('center_axis',(1.,0.,0.));
#3420=DIRECTION('ref_axis',(0.,0.,-1.));
#3421=DIRECTION('',(0.,0.,1.));
#3422=DIRECTION('',(0.,0.,-1.));
#3423=DIRECTION('center_axis',(0.,1.,0.));
#3424=DIRECTION('ref_axis',(0.,0.,1.));
#3425=DIRECTION('',(0.,0.,1.));
#3426=DIRECTION('center_axis',(0.,-1.,0.));
#3427=DIRECTION('ref_axis',(0.70710678118655,0.,-0.707106781186545));
#3428=DIRECTION('',(1.,0.,0.));
#3429=DIRECTION('center_axis',(0.,1.,0.));
#3430=DIRECTION('ref_axis',(-0.70710678118655,0.,0.707106781186545));
#3431=DIRECTION('',(1.,0.,0.));
#3432=DIRECTION('center_axis',(0.,1.,0.));
#3433=DIRECTION('ref_axis',(0.707106781186548,0.,0.707106781186548));
#3434=DIRECTION('',(1.,0.,0.));
#3435=DIRECTION('center_axis',(0.,-1.,0.));
#3436=DIRECTION('ref_axis',(-0.707106781186548,0.,-0.707106781186548));
#3437=DIRECTION('',(0.,0.,-1.));
#3438=DIRECTION('center_axis',(0.,-1.,0.));
#3439=DIRECTION('ref_axis',(-0.707106781186548,0.,0.707106781186548));
#3440=DIRECTION('',(-1.,0.,0.));
#3441=DIRECTION('center_axis',(0.,1.,0.));
#3442=DIRECTION('ref_axis',(0.707106781186548,0.,-0.707106781186548));
#3443=DIRECTION('',(1.,0.,0.));
#3444=DIRECTION('center_axis',(0.,1.,0.));
#3445=DIRECTION('ref_axis',(-0.70710678118655,0.,-0.707106781186545));
#3446=DIRECTION('',(-1.,0.,0.));
#3447=DIRECTION('center_axis',(0.,-1.,0.));
#3448=DIRECTION('ref_axis',(0.70710678118655,0.,0.707106781186545));
#3449=DIRECTION('center_axis',(0.,0.,1.));
#3450=DIRECTION('ref_axis',(0.,-1.,0.));
#3451=DIRECTION('',(0.,1.,0.));
#3452=DIRECTION('',(0.,-1.,0.));
#3453=DIRECTION('',(1.,0.,0.));
#3454=DIRECTION('center_axis',(0.,0.,-1.));
#3455=DIRECTION('ref_axis',(0.,1.,0.));
#3456=DIRECTION('',(0.,-1.,0.));
#3457=DIRECTION('',(-1.,0.,0.));
#3458=DIRECTION('',(0.,1.,0.));
#3459=DIRECTION('center_axis',(0.,-1.,0.));
#3460=DIRECTION('ref_axis',(0.70710678118655,0.,0.707106781186545));
#3461=DIRECTION('',(0.,1.,0.));
#3462=DIRECTION('center_axis',(0.,1.,0.));
#3463=DIRECTION('ref_axis',(0.70710678118655,0.,0.707106781186545));
#3464=DIRECTION('',(0.,-1.,0.));
#3465=DIRECTION('center_axis',(0.,0.,1.));
#3466=DIRECTION('ref_axis',(-1.,0.,0.));
#3467=DIRECTION('',(0.,-1.,0.));
#3468=DIRECTION('',(-1.,0.,0.));
#3469=DIRECTION('center_axis',(-1.,0.,0.));
#3470=DIRECTION('ref_axis',(0.,0.,-1.));
#3471=DIRECTION('',(0.,-1.,0.));
#3472=DIRECTION('',(0.,0.,-1.));
#3473=DIRECTION('',(0.,1.,0.));
#3474=DIRECTION('center_axis',(0.,-1.,0.));
#3475=DIRECTION('ref_axis',(-0.70710678118655,0.,-0.707106781186545));
#3476=DIRECTION('',(0.,1.,0.));
#3477=DIRECTION('center_axis',(0.,-1.,0.));
#3478=DIRECTION('ref_axis',(-0.70710678118655,0.,-0.707106781186545));
#3479=DIRECTION('center_axis',(0.,-1.,0.));
#3480=DIRECTION('ref_axis',(-0.707106781186548,0.,-0.707106781186548));
#3481=DIRECTION('',(0.,1.,0.));
#3482=DIRECTION('center_axis',(0.,1.,0.));
#3483=DIRECTION('ref_axis',(-0.707106781186548,0.,-0.707106781186548));
#3484=DIRECTION('center_axis',(0.,0.,-1.));
#3485=DIRECTION('ref_axis',(1.,0.,0.));
#3486=DIRECTION('',(0.,-1.,0.));
#3487=DIRECTION('',(1.,0.,0.));
#3488=DIRECTION('center_axis',(0.,-1.,0.));
#3489=DIRECTION('ref_axis',(0.707106781186548,0.,0.707106781186548));
#3490=DIRECTION('',(0.,1.,0.));
#3491=DIRECTION('center_axis',(0.,-1.,0.));
#3492=DIRECTION('ref_axis',(0.707106781186548,0.,0.707106781186548));
#3493=DIRECTION('center_axis',(0.,1.,0.));
#3494=DIRECTION('ref_axis',(1.,0.,0.));
#3495=DIRECTION('',(-1.48029736616688E-16,0.,-1.));
#3496=DIRECTION('center_axis',(0.,1.,0.));
#3497=DIRECTION('ref_axis',(-1.77635683940025E-15,0.,-1.));
#3498=DIRECTION('',(1.,0.,0.));
#3499=DIRECTION('center_axis',(0.,1.,0.));
#3500=DIRECTION('ref_axis',(1.,0.,1.42108547152022E-14));
#3501=DIRECTION('',(0.,0.,1.));
#3502=DIRECTION('center_axis',(0.,1.,0.));
#3503=DIRECTION('ref_axis',(1.,0.,0.));
#3504=DIRECTION('',(0.,0.,1.));
#3505=DIRECTION('center_axis',(0.,1.,0.));
#3506=DIRECTION('ref_axis',(-1.42108547152022E-14,0.,1.));
#3507=DIRECTION('',(-1.,0.,0.));
#3508=DIRECTION('center_axis',(0.,1.,0.));
#3509=DIRECTION('ref_axis',(-1.,0.,-1.42108547152022E-14));
#3510=DIRECTION('',(-1.48029736616688E-16,0.,-1.));
#3511=DIRECTION('center_axis',(1.,0.,0.));
#3512=DIRECTION('ref_axis',(0.,0.,-1.));
#3513=DIRECTION('',(0.,1.,0.));
#3514=DIRECTION('',(0.,0.,-1.));
#3515=DIRECTION('center_axis',(0.,1.,0.));
#3516=DIRECTION('ref_axis',(0.707106781186548,0.,-0.707106781186548));
#3517=DIRECTION('',(0.,1.,0.));
#3518=DIRECTION('center_axis',(0.,-1.,0.));
#3519=DIRECTION('ref_axis',(0.707106781186548,0.,-0.707106781186548));
#3520=DIRECTION('',(0.,-1.,0.));
#3521=DIRECTION('center_axis',(0.,0.,1.));
#3522=DIRECTION('ref_axis',(-1.,0.,0.));
#3523=DIRECTION('',(0.,-1.,0.));
#3524=DIRECTION('',(-1.,0.,0.));
#3525=DIRECTION('center_axis',(0.,1.,0.));
#3526=DIRECTION('ref_axis',(-0.70710678118655,0.,0.707106781186545));
#3527=DIRECTION('',(0.,1.,0.));
#3528=DIRECTION('center_axis',(0.,-1.,0.));
#3529=DIRECTION('ref_axis',(-0.70710678118655,0.,0.707106781186545));
#3530=DIRECTION('',(0.,-1.,0.));
#3531=DIRECTION('center_axis',(0.,0.,-1.));
#3532=DIRECTION('ref_axis',(1.,0.,0.));
#3533=DIRECTION('',(0.,-1.,0.));
#3534=DIRECTION('',(1.,0.,0.));
#3535=DIRECTION('center_axis',(1.,0.,0.));
#3536=DIRECTION('ref_axis',(0.,0.,1.));
#3537=DIRECTION('',(0.,0.,1.));
#3538=DIRECTION('',(0.,1.,0.));
#3539=DIRECTION('center_axis',(0.,-1.,0.));
#3540=DIRECTION('ref_axis',(0.70710678118655,0.,-0.707106781186545));
#3541=DIRECTION('center_axis',(0.,1.,0.));
#3542=DIRECTION('ref_axis',(0.70710678118655,0.,-0.707106781186545));
#3543=DIRECTION('center_axis',(0.,-1.,0.));
#3544=DIRECTION('ref_axis',(-0.707106781186548,0.,0.707106781186548));
#3545=DIRECTION('center_axis',(0.,1.,0.));
#3546=DIRECTION('ref_axis',(-0.707106781186548,0.,0.707106781186548));
#3547=DIRECTION('center_axis',(1.,0.,0.));
#3548=DIRECTION('ref_axis',(0.,0.,-1.));
#3549=DIRECTION('',(0.,0.,-1.));
#3550=DIRECTION('',(0.,1.,0.));
#3551=DIRECTION('center_axis',(0.,1.,0.));
#3552=DIRECTION('ref_axis',(1.,0.,0.));
#3553=DIRECTION('',(1.48029736616688E-16,0.,1.));
#3554=DIRECTION('center_axis',(0.,1.,0.));
#3555=DIRECTION('ref_axis',(-1.,0.,-1.42108547152022E-14));
#3556=DIRECTION('',(1.,0.,0.));
#3557=DIRECTION('center_axis',(0.,1.,0.));
#3558=DIRECTION('ref_axis',(-1.42108547152022E-14,0.,1.));
#3559=DIRECTION('center_axis',(0.,1.,0.));
#3560=DIRECTION('ref_axis',(1.,0.,1.42108547152022E-14));
#3561=DIRECTION('',(-1.,0.,0.));
#3562=DIRECTION('center_axis',(0.,1.,0.));
#3563=DIRECTION('ref_axis',(-1.77635683940025E-15,0.,-1.));
#3564=DIRECTION('',(1.48029736616688E-16,0.,1.));
#3565=DIRECTION('center_axis',(-1.,0.,1.48029736616688E-16));
#3566=DIRECTION('ref_axis',(1.48029736616688E-16,0.,1.));
#3567=DIRECTION('',(0.,1.,0.));
#3568=DIRECTION('center_axis',(-1.,0.,1.48029736616688E-16));
#3569=DIRECTION('ref_axis',(1.48029736616688E-16,0.,1.));
#3570=DIRECTION('',(0.,1.,0.));
#3571=DIRECTION('center_axis',(0.,1.,0.));
#3572=DIRECTION('ref_axis',(-1.42108547152022E-14,0.,1.));
#3573=DIRECTION('',(0.,1.,0.));
#3574=DIRECTION('center_axis',(0.,0.,1.));
#3575=DIRECTION('ref_axis',(1.,0.,0.));
#3576=DIRECTION('',(0.,1.,0.));
#3577=DIRECTION('center_axis',(0.,1.,0.));
#3578=DIRECTION('ref_axis',(-1.,0.,-1.42108547152022E-14));
#3579=DIRECTION('center_axis',(0.,1.,0.));
#3580=DIRECTION('ref_axis',(-1.77635683940025E-15,0.,-1.));
#3581=DIRECTION('',(0.,1.,0.));
#3582=DIRECTION('center_axis',(0.,0.,-1.));
#3583=DIRECTION('ref_axis',(-1.,0.,0.));
#3584=DIRECTION('',(0.,1.,0.));
#3585=DIRECTION('center_axis',(0.,1.,0.));
#3586=DIRECTION('ref_axis',(1.,0.,1.42108547152022E-14));
#3587=CARTESIAN_POINT('',(0.,0.,0.));
#3588=CARTESIAN_POINT('Origin',(61.1739967454967,90.,411.500179526881));
#3589=CARTESIAN_POINT('',(62.7739967454967,80.,411.500179526881));
#3590=CARTESIAN_POINT('Origin',(61.1739967454967,80.,411.500179526881));
#3591=CARTESIAN_POINT('',(62.7739967454967,70.,411.500179526881));
#3592=CARTESIAN_POINT('',(62.7739967454967,90.,411.500179526881));
#3593=CARTESIAN_POINT('Origin',(61.1739967454967,70.,411.500179526881));
#3594=CARTESIAN_POINT('Origin',(61.1739967454967,90.,309.500179526881));
#3595=CARTESIAN_POINT('',(62.7739967454967,80.,309.500179526881));
#3596=CARTESIAN_POINT('Origin',(61.1739967454967,80.,309.500179526881));
#3597=CARTESIAN_POINT('',(62.7739967454967,70.,309.500179526881));
#3598=CARTESIAN_POINT('',(62.7739967454967,90.,309.500179526881));
#3599=CARTESIAN_POINT('Origin',(61.1739967454967,70.,309.500179526881));
#3600=CARTESIAN_POINT('Origin',(43.8262864114232,80.,309.500179526881));
#3601=CARTESIAN_POINT('',(45.4262864114232,70.,309.500179526881));
#3602=CARTESIAN_POINT('Origin',(43.8262864114232,70.,309.500179526881));
#3603=CARTESIAN_POINT('',(45.4262864114232,80.,309.500179526881));
#3604=CARTESIAN_POINT('',(45.4262864114232,80.,309.500179526881));
#3605=CARTESIAN_POINT('Origin',(43.8262864114232,80.,309.500179526881));
#3606=CARTESIAN_POINT('Origin',(218.826286411423,80.,309.500179526881));
#3607=CARTESIAN_POINT('',(220.426286411423,70.,309.500179526881));
#3608=CARTESIAN_POINT('Origin',(218.826286411423,70.,309.500179526881));
#3609=CARTESIAN_POINT('',(220.426286411423,80.,309.500179526881));
#3610=CARTESIAN_POINT('',(220.426286411423,80.,309.500179526881));
#3611=CARTESIAN_POINT('Origin',(218.826286411423,80.,309.500179526881));
#3612=CARTESIAN_POINT('Origin',(368.826286411423,80.,309.500179526881));
#3613=CARTESIAN_POINT('',(370.426286411423,70.,309.500179526881));
#3614=CARTESIAN_POINT('Origin',(368.826286411423,70.,309.500179526881));
#3615=CARTESIAN_POINT('',(370.426286411423,80.,309.500179526881));
#3616=CARTESIAN_POINT('',(370.426286411423,80.,309.500179526881));
#3617=CARTESIAN_POINT('Origin',(368.826286411423,80.,309.500179526881));
#3618=CARTESIAN_POINT('Origin',(318.826286411423,80.,411.500179526881));
#3619=CARTESIAN_POINT('',(320.426286411423,70.,411.500179526881));
#3620=CARTESIAN_POINT('Origin',(318.826286411423,70.,411.500179526881));
#3621=CARTESIAN_POINT('',(320.426286411423,80.,411.500179526881));
#3622=CARTESIAN_POINT('',(320.426286411423,80.,411.500179526881));
#3623=CARTESIAN_POINT('Origin',(318.826286411423,80.,411.500179526881));
#3624=CARTESIAN_POINT('Origin',(193.826286411423,80.,411.500179526881));
#3625=CARTESIAN_POINT('',(195.426286411423,70.,411.500179526881));
#3626=CARTESIAN_POINT('Origin',(193.826286411423,70.,411.500179526881));
#3627=CARTESIAN_POINT('',(195.426286411423,80.,411.500179526881));
#3628=CARTESIAN_POINT('',(195.426286411423,80.,411.500179526881));
#3629=CARTESIAN_POINT('Origin',(193.826286411423,80.,411.500179526881));
#3630=CARTESIAN_POINT('Origin',(43.8262864114232,80.,411.500179526881));
#3631=CARTESIAN_POINT('',(45.4262864114232,70.,411.500179526881));
#3632=CARTESIAN_POINT('Origin',(43.8262864114232,70.,411.500179526881));
#3633=CARTESIAN_POINT('',(45.4262864114232,80.,411.500179526881));
#3634=CARTESIAN_POINT('',(45.4262864114232,80.,411.500179526881));
#3635=CARTESIAN_POINT('Origin',(43.8262864114232,80.,411.500179526881));
#3636=CARTESIAN_POINT('Origin',(218.826286411423,80.,411.500179526881));
#3637=CARTESIAN_POINT('',(220.426286411423,70.,411.500179526881));
#3638=CARTESIAN_POINT('Origin',(218.826286411423,70.,411.500179526881));
#3639=CARTESIAN_POINT('',(220.426286411423,80.,411.500179526881));
#3640=CARTESIAN_POINT('',(220.426286411423,80.,411.500179526881));
#3641=CARTESIAN_POINT('Origin',(218.826286411423,80.,411.500179526881));
#3642=CARTESIAN_POINT('Origin',(368.826286411423,80.,411.500179526881));
#3643=CARTESIAN_POINT('',(370.426286411423,70.,411.500179526881));
#3644=CARTESIAN_POINT('Origin',(368.826286411423,70.,411.500179526881));
#3645=CARTESIAN_POINT('',(370.426286411423,80.,411.500179526881));
#3646=CARTESIAN_POINT('',(370.426286411423,80.,411.500179526881));
#3647=CARTESIAN_POINT('Origin',(368.826286411423,80.,411.500179526881));
#3648=CARTESIAN_POINT('Origin',(318.826286411423,80.,309.500179526881));
#3649=CARTESIAN_POINT('',(320.426286411423,70.,309.500179526881));
#3650=CARTESIAN_POINT('Origin',(318.826286411423,70.,309.500179526881));
#3651=CARTESIAN_POINT('',(320.426286411423,80.,309.500179526881));
#3652=CARTESIAN_POINT('',(320.426286411423,80.,309.500179526881));
#3653=CARTESIAN_POINT('Origin',(318.826286411423,80.,309.500179526881));
#3654=CARTESIAN_POINT('Origin',(193.826286411423,80.,309.500179526881));
#3655=CARTESIAN_POINT('',(195.426286411423,70.,309.500179526881));
#3656=CARTESIAN_POINT('Origin',(193.826286411423,70.,309.500179526881));
#3657=CARTESIAN_POINT('',(195.426286411423,80.,309.500179526881));
#3658=CARTESIAN_POINT('',(195.426286411423,80.,309.500179526881));
#3659=CARTESIAN_POINT('Origin',(193.826286411423,80.,309.500179526881));
#3660=CARTESIAN_POINT('Origin',(93.8262864114232,80.,309.500179526881));
#3661=CARTESIAN_POINT('',(95.4262864114232,70.,309.500179526881));
#3662=CARTESIAN_POINT('Origin',(93.8262864114232,70.,309.500179526881));
#3663=CARTESIAN_POINT('',(95.4262864114232,80.,309.500179526881));
#3664=CARTESIAN_POINT('',(95.4262864114232,80.,309.500179526881));
#3665=CARTESIAN_POINT('Origin',(93.8262864114232,80.,309.500179526881));
#3666=CARTESIAN_POINT('Origin',(243.826286411423,80.,309.500179526881));
#3667=CARTESIAN_POINT('',(245.426286411423,70.,309.500179526881));
#3668=CARTESIAN_POINT('Origin',(243.826286411423,70.,309.500179526881));
#3669=CARTESIAN_POINT('',(245.426286411423,80.,309.500179526881));
#3670=CARTESIAN_POINT('',(245.426286411423,80.,309.500179526881));
#3671=CARTESIAN_POINT('Origin',(243.826286411423,80.,309.500179526881));
#3672=CARTESIAN_POINT('Origin',(418.826286411423,80.,309.500179526881));
#3673=CARTESIAN_POINT('',(420.426286411423,70.,309.500179526881));
#3674=CARTESIAN_POINT('Origin',(418.826286411423,70.,309.500179526881));
#3675=CARTESIAN_POINT('',(420.426286411423,80.,309.500179526881));
#3676=CARTESIAN_POINT('',(420.426286411423,80.,309.500179526881));
#3677=CARTESIAN_POINT('Origin',(418.826286411423,80.,309.500179526881));
#3678=CARTESIAN_POINT('Origin',(268.826286411423,80.,411.500179526881));
#3679=CARTESIAN_POINT('',(270.426286411423,70.,411.500179526881));
#3680=CARTESIAN_POINT('Origin',(268.826286411423,70.,411.500179526881));
#3681=CARTESIAN_POINT('',(270.426286411423,80.,411.500179526881));
#3682=CARTESIAN_POINT('',(270.426286411423,80.,411.500179526881));
#3683=CARTESIAN_POINT('Origin',(268.826286411423,80.,411.500179526881));
#3684=CARTESIAN_POINT('Origin',(143.826286411423,80.,411.500179526881));
#3685=CARTESIAN_POINT('',(145.426286411423,70.,411.500179526881));
#3686=CARTESIAN_POINT('Origin',(143.826286411423,70.,411.500179526881));
#3687=CARTESIAN_POINT('',(145.426286411423,80.,411.500179526881));
#3688=CARTESIAN_POINT('',(145.426286411423,80.,411.500179526881));
#3689=CARTESIAN_POINT('Origin',(143.826286411423,80.,411.500179526881));
#3690=CARTESIAN_POINT('Origin',(93.8262864114232,80.,411.500179526881));
#3691=CARTESIAN_POINT('',(95.4262864114232,70.,411.500179526881));
#3692=CARTESIAN_POINT('Origin',(93.8262864114232,70.,411.500179526881));
#3693=CARTESIAN_POINT('',(95.4262864114232,80.,411.500179526881));
#3694=CARTESIAN_POINT('',(95.4262864114232,80.,411.500179526881));
#3695=CARTESIAN_POINT('Origin',(93.8262864114232,80.,411.500179526881));
#3696=CARTESIAN_POINT('Origin',(243.826286411423,80.,411.500179526881));
#3697=CARTESIAN_POINT('',(245.426286411423,70.,411.500179526881));
#3698=CARTESIAN_POINT('Origin',(243.826286411423,70.,411.500179526881));
#3699=CARTESIAN_POINT('',(245.426286411423,80.,411.500179526881));
#3700=CARTESIAN_POINT('',(245.426286411423,80.,411.500179526881));
#3701=CARTESIAN_POINT('Origin',(243.826286411423,80.,411.500179526881));
#3702=CARTESIAN_POINT('Origin',(418.826286411423,80.,411.500179526881));
#3703=CARTESIAN_POINT('',(420.426286411423,70.,411.500179526881));
#3704=CARTESIAN_POINT('Origin',(418.826286411423,70.,411.500179526881));
#3705=CARTESIAN_POINT('',(420.426286411423,80.,411.500179526881));
#3706=CARTESIAN_POINT('',(420.426286411423,80.,411.500179526881));
#3707=CARTESIAN_POINT('Origin',(418.826286411423,80.,411.500179526881));
#3708=CARTESIAN_POINT('Origin',(268.826286411423,80.,309.500179526881));
#3709=CARTESIAN_POINT('',(270.426286411423,70.,309.500179526881));
#3710=CARTESIAN_POINT('Origin',(268.826286411423,70.,309.500179526881));
#3711=CARTESIAN_POINT('',(270.426286411423,80.,309.500179526881));
#3712=CARTESIAN_POINT('',(270.426286411423,80.,309.500179526881));
#3713=CARTESIAN_POINT('Origin',(268.826286411423,80.,309.500179526881));
#3714=CARTESIAN_POINT('Origin',(143.826286411423,80.,309.500179526881));
#3715=CARTESIAN_POINT('',(145.426286411423,70.,309.500179526881));
#3716=CARTESIAN_POINT('Origin',(143.826286411423,70.,309.500179526881));
#3717=CARTESIAN_POINT('',(145.426286411423,80.,309.500179526881));
#3718=CARTESIAN_POINT('',(145.426286411423,80.,309.500179526881));
#3719=CARTESIAN_POINT('Origin',(143.826286411423,80.,309.500179526881));
#3720=CARTESIAN_POINT('Origin',(112.242641745102,72.0000010728836,380.333338757356));
#3721=CARTESIAN_POINT('',(112.242641745102,72.0000010728836,383.333338757356));
#3722=CARTESIAN_POINT('',(110.121321401542,72.0000010728836,378.212018413796));
#3723=CARTESIAN_POINT('Origin',(112.242641745102,72.0000010728836,380.333338757356));
#3724=CARTESIAN_POINT('',(110.121321401542,80.,378.212018413796));
#3725=CARTESIAN_POINT('',(110.121321401542,72.0000010728836,378.212018413796));
#3726=CARTESIAN_POINT('',(112.242641745102,80.,383.333338757356));
#3727=CARTESIAN_POINT('Origin',(112.242641745102,80.,380.333338757356));
#3728=CARTESIAN_POINT('',(112.242641745102,72.0000010728836,383.333338757356));
#3729=CARTESIAN_POINT('Origin',(135.66666772465,72.0000010728836,352.666672090691));
#3730=CARTESIAN_POINT('',(130.54534738109,72.0000010728836,357.787992434251));
#3731=CARTESIAN_POINT('',(107.916667594262,72.0000010728836,380.416672221076));
#3732=CARTESIAN_POINT('',(130.54534738109,80.,357.787992434251));
#3733=CARTESIAN_POINT('',(130.54534738109,72.0000010728836,357.787992434251));
#3734=CARTESIAN_POINT('',(158.041668816163,80.,330.29167099918));
#3735=CARTESIAN_POINT('Origin',(294.666667724649,72.0000010728836,366.09203140357));
#3736=CARTESIAN_POINT('',(296.787988068209,72.0000010728836,368.21335174713));
#3737=CARTESIAN_POINT('',(291.666667724649,72.0000010728836,366.09203140357));
#3738=CARTESIAN_POINT('Origin',(294.666667724649,72.0000010728836,366.09203140357));
#3739=CARTESIAN_POINT('',(291.666667724649,80.,366.09203140357));
#3740=CARTESIAN_POINT('',(291.666667724649,72.0000010728836,366.09203140357));
#3741=CARTESIAN_POINT('',(296.787988068209,80.,368.21335174713));
#3742=CARTESIAN_POINT('Origin',(294.666667724649,80.,366.09203140357));
#3743=CARTESIAN_POINT('',(296.787988068209,72.0000010728836,368.21335174713));
#3744=CARTESIAN_POINT('Origin',(291.666667724649,72.0000010728836,344.666672090689));
#3745=CARTESIAN_POINT('',(291.666667724649,72.0000010728836,347.666672090689));
#3746=CARTESIAN_POINT('',(291.666667724649,72.0000010728836,336.333338489135));
#3747=CARTESIAN_POINT('',(291.666667724649,80.,347.666672090689));
#3748=CARTESIAN_POINT('',(291.666667724649,72.0000010728836,347.666672090689));
#3749=CARTESIAN_POINT('',(291.666667724649,80.,352.333336045345));
#3750=CARTESIAN_POINT('Origin',(278.666667724649,72.0000010728836,368.09003140357));
#3751=CARTESIAN_POINT('',(281.666667724649,72.0000010728836,368.09003140357));
#3752=CARTESIAN_POINT('',(276.54534738109,72.0000010728836,370.21135174713));
#3753=CARTESIAN_POINT('Origin',(278.666667724649,72.0000010728836,368.09003140357));
#3754=CARTESIAN_POINT('',(276.54534738109,80.,370.21135174713));
#3755=CARTESIAN_POINT('',(276.54534738109,72.0000010728836,370.21135174713));
#3756=CARTESIAN_POINT('',(281.666667724649,80.,368.09003140357));
#3757=CARTESIAN_POINT('Origin',(278.666667724649,80.,368.09003140357));
#3758=CARTESIAN_POINT('',(281.666667724649,72.0000010728836,368.09003140357));
#3759=CARTESIAN_POINT('Origin',(251.000667724649,72.0000010728836,344.666672090689));
#3760=CARTESIAN_POINT('',(256.121988068209,72.0000010728836,349.787992434249));
#3761=CARTESIAN_POINT('',(184.08383399271,72.0000010728836,277.74983835875));
#3762=CARTESIAN_POINT('',(256.121988068209,80.,349.787992434249));
#3763=CARTESIAN_POINT('',(256.121988068209,72.0000010728836,349.787992434249));
#3764=CARTESIAN_POINT('',(250.208832770815,80.,343.874837136855));
#3765=CARTESIAN_POINT('Origin',(181.333334391316,72.0000010728836,368.090698070237));
#3766=CARTESIAN_POINT('',(184.333334391316,72.0000010728836,368.090698070237));
#3767=CARTESIAN_POINT('',(179.212014047756,72.0000010728836,370.212018413796));
#3768=CARTESIAN_POINT('Origin',(181.333334391316,72.0000010728836,368.090698070237));
#3769=CARTESIAN_POINT('',(179.212014047756,80.,370.212018413796));
#3770=CARTESIAN_POINT('',(179.212014047756,72.0000010728836,370.212018413796));
#3771=CARTESIAN_POINT('',(184.333334391316,80.,368.090698070237));
#3772=CARTESIAN_POINT('Origin',(181.333334391316,80.,368.090698070237));
#3773=CARTESIAN_POINT('',(184.333334391316,72.0000010728836,368.090698070237));
#3774=CARTESIAN_POINT('Origin',(153.666667724649,72.0000010728836,344.666672090689));
#3775=CARTESIAN_POINT('',(158.787988068209,72.0000010728836,349.787992434249));
#3776=CARTESIAN_POINT('',(111.08333399271,72.0000010728836,302.08333835875));
#3777=CARTESIAN_POINT('',(158.787988068209,80.,349.787992434249));
#3778=CARTESIAN_POINT('',(158.787988068209,72.0000010728836,349.787992434249));
#3779=CARTESIAN_POINT('',(177.208332770815,80.,368.208337136855));
#3780=CARTESIAN_POINT('Origin',(118.42402703753,72.0000010728836,347.666672090689));
#3781=CARTESIAN_POINT('',(118.42402703753,72.0000010728836,344.666672090689));
#3782=CARTESIAN_POINT('',(120.54534738109,72.0000010728836,349.787992434249));
#3783=CARTESIAN_POINT('Origin',(118.42402703753,72.0000010728836,347.666672090689));
#3784=CARTESIAN_POINT('',(120.54534738109,80.,349.787992434249));
#3785=CARTESIAN_POINT('',(120.54534738109,72.0000010728836,349.787992434249));
#3786=CARTESIAN_POINT('',(118.42402703753,80.,344.666672090689));
#3787=CARTESIAN_POINT('Origin',(118.42402703753,80.,347.666672090689));
#3788=CARTESIAN_POINT('',(118.42402703753,72.0000010728836,344.666672090689));
#3789=CARTESIAN_POINT('Origin',(97.0000010579824,72.0000010728836,373.333338757356));
#3790=CARTESIAN_POINT('',(102.121321401542,72.0000010728836,368.212018413796));
#3791=CARTESIAN_POINT('',(84.0833342609306,72.0000010728836,386.250005554408));
#3792=CARTESIAN_POINT('',(102.121321401542,80.,368.212018413796));
#3793=CARTESIAN_POINT('',(102.121321401542,72.0000010728836,368.212018413796));
#3794=CARTESIAN_POINT('',(134.208335482826,80.,336.125004332513));
#3795=CARTESIAN_POINT('Origin',(181.333334391316,72.0000010728836,347.666672090689));
#3796=CARTESIAN_POINT('',(181.333334391316,72.0000010728836,344.666672090689));
#3797=CARTESIAN_POINT('',(184.333334391316,72.0000010728836,347.666672090689));
#3798=CARTESIAN_POINT('Origin',(181.333334391316,72.0000010728836,347.666672090689));
#3799=CARTESIAN_POINT('',(184.333334391316,80.,347.666672090689));
#3800=CARTESIAN_POINT('',(184.333334391316,72.0000010728836,347.666672090689));
#3801=CARTESIAN_POINT('',(181.333334391316,80.,344.666672090689));
#3802=CARTESIAN_POINT('Origin',(181.333334391316,80.,347.666672090689));
#3803=CARTESIAN_POINT('',(181.333334391316,72.0000010728836,344.666672090689));
#3804=CARTESIAN_POINT('Origin',(184.333334391316,72.0000010728836,375.333338757356));
#3805=CARTESIAN_POINT('',(184.333334391316,80.,367.666669378678));
#3806=CARTESIAN_POINT('',(184.333334391316,72.0000010728836,351.666671822468));
#3807=CARTESIAN_POINT('Origin',(215.75802703753,72.0000010728836,347.666672090689));
#3808=CARTESIAN_POINT('',(215.75802703753,72.0000010728836,344.666672090689));
#3809=CARTESIAN_POINT('',(217.87934738109,72.0000010728836,349.787992434249));
#3810=CARTESIAN_POINT('Origin',(215.75802703753,72.0000010728836,347.666672090689));
#3811=CARTESIAN_POINT('',(217.87934738109,80.,349.787992434249));
#3812=CARTESIAN_POINT('',(217.87934738109,72.0000010728836,349.787992434249));
#3813=CARTESIAN_POINT('',(215.75802703753,80.,344.666672090689));
#3814=CARTESIAN_POINT('Origin',(215.75802703753,80.,347.666672090689));
#3815=CARTESIAN_POINT('',(215.75802703753,72.0000010728836,344.666672090689));
#3816=CARTESIAN_POINT('Origin',(194.333334391316,72.0000010728836,373.334005424023));
#3817=CARTESIAN_POINT('',(199.454654734875,72.0000010728836,368.212685080463));
#3818=CARTESIAN_POINT('',(157.083500927597,72.0000010728836,410.583838887741));
#3819=CARTESIAN_POINT('',(199.454654734875,80.,368.212685080463));
#3820=CARTESIAN_POINT('',(199.454654734875,72.0000010728836,368.212685080463));
#3821=CARTESIAN_POINT('',(207.208502149493,80.,360.458837665846));
#3822=CARTESIAN_POINT('Origin',(278.666667724649,72.0000010728836,347.666672090689));
#3823=CARTESIAN_POINT('',(278.666667724649,72.0000010728836,344.666672090689));
#3824=CARTESIAN_POINT('',(281.666667724649,72.0000010728836,347.666672090689));
#3825=CARTESIAN_POINT('Origin',(278.666667724649,72.0000010728836,347.666672090689));
#3826=CARTESIAN_POINT('',(281.666667724649,80.,347.666672090689));
#3827=CARTESIAN_POINT('',(281.666667724649,72.0000010728836,347.666672090689));
#3828=CARTESIAN_POINT('',(278.666667724649,80.,344.666672090689));
#3829=CARTESIAN_POINT('Origin',(278.666667724649,80.,347.666672090689));
#3830=CARTESIAN_POINT('',(278.666667724649,72.0000010728836,344.666672090689));
#3831=CARTESIAN_POINT('Origin',(281.666667724649,72.0000010728836,375.332672090689));
#3832=CARTESIAN_POINT('',(281.666667724649,80.,367.666336045345));
#3833=CARTESIAN_POINT('',(281.666667724649,72.0000010728836,351.666338489135));
#3834=CARTESIAN_POINT('Origin',(313.09202703753,72.0000010728836,347.666672090689));
#3835=CARTESIAN_POINT('',(313.09202703753,72.0000010728836,344.666672090689));
#3836=CARTESIAN_POINT('',(315.21334738109,72.0000010728836,349.787992434249));
#3837=CARTESIAN_POINT('Origin',(313.09202703753,72.0000010728836,347.666672090689));
#3838=CARTESIAN_POINT('',(315.21334738109,80.,349.787992434249));
#3839=CARTESIAN_POINT('',(315.21334738109,72.0000010728836,349.787992434249));
#3840=CARTESIAN_POINT('',(313.09202703753,80.,344.666672090689));
#3841=CARTESIAN_POINT('Origin',(313.09202703753,80.,347.666672090689));
#3842=CARTESIAN_POINT('',(313.09202703753,72.0000010728836,344.666672090689));
#3843=CARTESIAN_POINT('Origin',(291.666667724649,72.0000010728836,373.334672090689));
#3844=CARTESIAN_POINT('',(280.208668816159,80.,384.792670999179));
#3845=CARTESIAN_POINT('',(230.083667594264,72.0000010728836,434.917672221075));
#3846=CARTESIAN_POINT('Origin',(343.333334391316,72.0000010728836,359.907979444475));
#3847=CARTESIAN_POINT('',(340.333334391316,72.0000010728836,359.907979444475));
#3848=CARTESIAN_POINT('',(345.454654734876,72.0000010728836,357.786659100915));
#3849=CARTESIAN_POINT('Origin',(343.333334391316,72.0000010728836,359.907979444475));
#3850=CARTESIAN_POINT('',(345.454654734875,80.,357.786659100916));
#3851=CARTESIAN_POINT('',(345.454654734875,72.0000010728836,357.786659100916));
#3852=CARTESIAN_POINT('',(340.333334391316,80.,359.907979444475));
#3853=CARTESIAN_POINT('Origin',(343.333334391316,80.,359.907979444475));
#3854=CARTESIAN_POINT('',(340.333334391316,72.0000010728836,359.907979444475));
#3855=CARTESIAN_POINT('Origin',(371.001334391316,72.0000010728836,383.333338757356));
#3856=CARTESIAN_POINT('',(365.880014047756,72.0000010728836,378.212018413796));
#3857=CARTESIAN_POINT('',(264.417667326043,72.0000010728836,276.749671692083));
#3858=CARTESIAN_POINT('',(365.880014047756,80.,378.212018413796));
#3859=CARTESIAN_POINT('',(365.880014047756,72.0000010728836,378.212018413796));
#3860=CARTESIAN_POINT('',(330.542666104148,80.,342.874670470188));
#3861=CARTESIAN_POINT('Origin',(327.333334391316,72.0000010728836,359.910646111142));
#3862=CARTESIAN_POINT('',(325.212014047756,72.0000010728836,357.789325767582));
#3863=CARTESIAN_POINT('',(330.333334391316,72.0000010728836,359.910646111142));
#3864=CARTESIAN_POINT('Origin',(327.333334391316,72.0000010728836,359.910646111142));
#3865=CARTESIAN_POINT('',(330.333334391316,80.,359.910646111142));
#3866=CARTESIAN_POINT('',(330.333334391316,72.0000010728836,359.910646111142));
#3867=CARTESIAN_POINT('',(325.212014047756,80.,357.789325767582));
#3868=CARTESIAN_POINT('Origin',(327.333334391316,80.,359.910646111142));
#3869=CARTESIAN_POINT('',(325.212014047756,72.0000010728836,357.789325767582));
#3870=CARTESIAN_POINT('Origin',(330.333334391316,72.0000010728836,383.333338757356));
#3871=CARTESIAN_POINT('',(330.333334391316,72.0000010728836,380.333338757356));
#3872=CARTESIAN_POINT('',(330.333334391316,72.0000010728836,355.666671822468));
#3873=CARTESIAN_POINT('',(330.333334391316,80.,380.333338757356));
#3874=CARTESIAN_POINT('',(330.333334391316,72.0000010728836,380.333338757356));
#3875=CARTESIAN_POINT('',(330.333334391316,80.,371.666669378678));
#3876=CARTESIAN_POINT('Origin',(246.000001057982,72.0000010728836,359.908646111142));
#3877=CARTESIAN_POINT('',(243.000001057982,72.0000010728836,359.908646111142));
#3878=CARTESIAN_POINT('',(248.121321401542,72.0000010728836,357.787325767582));
#3879=CARTESIAN_POINT('Origin',(246.000001057982,72.0000010728836,359.908646111142));
#3880=CARTESIAN_POINT('',(248.121321401542,80.,357.787325767582));
#3881=CARTESIAN_POINT('',(248.121321401542,72.0000010728836,357.787325767582));
#3882=CARTESIAN_POINT('',(243.000001057982,80.,359.908646111142));
#3883=CARTESIAN_POINT('Origin',(246.000001057982,80.,359.908646111142));
#3884=CARTESIAN_POINT('',(243.000001057982,72.0000010728836,359.908646111142));
#3885=CARTESIAN_POINT('Origin',(273.667334391316,72.0000010728836,383.333338757356));
#3886=CARTESIAN_POINT('',(268.546014047756,72.0000010728836,378.212018413796));
#3887=CARTESIAN_POINT('',(191.417167326043,72.0000010728836,301.083171692083));
#3888=CARTESIAN_POINT('',(268.546014047756,80.,378.212018413796));
#3889=CARTESIAN_POINT('',(268.546014047756,72.0000010728836,378.212018413796));
#3890=CARTESIAN_POINT('',(257.542166104148,80.,367.208170470188));
#3891=CARTESIAN_POINT('Origin',(230.000001057982,72.0000010728836,359.909979444475));
#3892=CARTESIAN_POINT('',(227.878680714423,72.0000010728836,357.788659100916));
#3893=CARTESIAN_POINT('',(233.000001057982,72.0000010728836,359.909979444475));
#3894=CARTESIAN_POINT('Origin',(230.000001057982,72.0000010728836,359.909979444475));
#3895=CARTESIAN_POINT('',(233.000001057982,80.,359.909979444475));
#3896=CARTESIAN_POINT('',(233.000001057982,72.0000010728836,359.909979444475));
#3897=CARTESIAN_POINT('',(227.878680714423,80.,357.788659100916));
#3898=CARTESIAN_POINT('Origin',(230.000001057982,80.,359.909979444475));
#3899=CARTESIAN_POINT('',(227.878680714423,72.0000010728836,357.788659100916));
#3900=CARTESIAN_POINT('Origin',(233.000001057982,72.0000010728836,383.333338757356));
#3901=CARTESIAN_POINT('',(233.000001057982,72.0000010728836,380.333338757356));
#3902=CARTESIAN_POINT('',(233.000001057982,72.0000010728836,355.666671822468));
#3903=CARTESIAN_POINT('',(233.000001057982,80.,380.333338757356));
#3904=CARTESIAN_POINT('',(233.000001057982,72.0000010728836,380.333338757356));
#3905=CARTESIAN_POINT('',(233.000001057982,80.,371.666669378678));
#3906=CARTESIAN_POINT('Origin',(148.666667724649,72.0000010728836,359.909312777809));
#3907=CARTESIAN_POINT('',(145.666667724649,72.0000010728836,359.909312777809));
#3908=CARTESIAN_POINT('',(150.787988068209,72.0000010728836,357.787992434249));
#3909=CARTESIAN_POINT('Origin',(148.666667724649,72.0000010728836,359.909312777809));
#3910=CARTESIAN_POINT('',(150.787988068209,80.,357.787992434249));
#3911=CARTESIAN_POINT('',(150.787988068209,72.0000010728836,357.787992434249));
#3912=CARTESIAN_POINT('',(145.666667724649,80.,359.909312777809));
#3913=CARTESIAN_POINT('Origin',(148.666667724649,80.,359.909312777809));
#3914=CARTESIAN_POINT('',(145.666667724649,72.0000010728836,359.909312777809));
#3915=CARTESIAN_POINT('Origin',(176.333334391316,72.0000010728836,383.333338757356));
#3916=CARTESIAN_POINT('',(171.212014047756,72.0000010728836,378.212018413796));
#3917=CARTESIAN_POINT('',(118.416667326043,72.0000010728836,325.416671692083));
#3918=CARTESIAN_POINT('',(171.212014047756,80.,378.212018413796));
#3919=CARTESIAN_POINT('',(171.212014047756,72.0000010728836,378.212018413796));
#3920=CARTESIAN_POINT('',(184.541666104148,80.,391.541670470188));
#3921=CARTESIAN_POINT('Origin',(132.666667724649,72.0000010728836,359.909312777811));
#3922=CARTESIAN_POINT('',(135.666667724649,72.0000010728836,359.909312777811));
#3923=CARTESIAN_POINT('Origin',(132.666667724649,72.0000010728836,359.909312777811));
#3924=CARTESIAN_POINT('',(135.666667724649,80.,359.909312777811));
#3925=CARTESIAN_POINT('',(135.666667724649,72.0000010728836,359.909312777811));
#3926=CARTESIAN_POINT('Origin',(132.666667724649,80.,359.909312777811));
#3927=CARTESIAN_POINT('Origin',(135.666667724649,72.0000010728836,383.333338757356));
#3928=CARTESIAN_POINT('',(135.666667724649,72.0000010728836,380.333338757356));
#3929=CARTESIAN_POINT('',(135.666667724649,72.0000010728836,355.666671822468));
#3930=CARTESIAN_POINT('',(135.666667724649,80.,380.333338757356));
#3931=CARTESIAN_POINT('',(135.666667724649,72.0000010728836,380.333338757356));
#3932=CARTESIAN_POINT('',(135.666667724649,80.,371.666669378678));
#3933=CARTESIAN_POINT('Origin',(132.666667724649,72.0000010728836,380.333338757356));
#3934=CARTESIAN_POINT('',(132.666667724649,72.0000010728836,383.333338757356));
#3935=CARTESIAN_POINT('Origin',(132.666667724649,72.0000010728836,380.333338757356));
#3936=CARTESIAN_POINT('',(132.666667724649,80.,383.333338757356));
#3937=CARTESIAN_POINT('',(132.666667724649,72.0000010728836,383.333338757356));
#3938=CARTESIAN_POINT('Origin',(132.666667724649,80.,380.333338757356));
#3939=CARTESIAN_POINT('Origin',(105.000001057982,72.0000010728836,383.333338757356));
#3940=CARTESIAN_POINT('',(168.750000528991,80.,383.333338757356));
#3941=CARTESIAN_POINT('',(52.5000005289912,72.0000010728836,383.333338757356));
#3942=CARTESIAN_POINT('Origin',(169.090693704197,72.0000010728836,380.333338757356));
#3943=CARTESIAN_POINT('',(169.090693704197,72.0000010728836,383.333338757356));
#3944=CARTESIAN_POINT('Origin',(169.090693704197,72.0000010728836,380.333338757356));
#3945=CARTESIAN_POINT('',(169.090693704197,80.,383.333338757356));
#3946=CARTESIAN_POINT('',(169.090693704197,72.0000010728836,383.333338757356));
#3947=CARTESIAN_POINT('Origin',(169.090693704197,80.,380.333338757356));
#3948=CARTESIAN_POINT('Origin',(145.666667724649,72.0000010728836,383.333338757356));
#3949=CARTESIAN_POINT('',(148.666667724649,72.0000010728836,383.333338757356));
#3950=CARTESIAN_POINT('',(72.8333338623246,72.0000010728836,383.333338757356));
#3951=CARTESIAN_POINT('',(148.666667724649,80.,383.333338757356));
#3952=CARTESIAN_POINT('',(148.666667724649,72.0000010728836,383.333338757356));
#3953=CARTESIAN_POINT('',(189.083333862325,80.,383.333338757356));
#3954=CARTESIAN_POINT('Origin',(266.424693704197,72.0000010728836,380.333338757356));
#3955=CARTESIAN_POINT('',(266.424693704197,72.0000010728836,383.333338757356));
#3956=CARTESIAN_POINT('Origin',(266.424693704197,72.0000010728836,380.333338757356));
#3957=CARTESIAN_POINT('',(266.424693704197,80.,383.333338757356));
#3958=CARTESIAN_POINT('',(266.424693704197,72.0000010728836,383.333338757356));
#3959=CARTESIAN_POINT('Origin',(266.424693704197,80.,380.333338757356));
#3960=CARTESIAN_POINT('Origin',(243.000001057982,72.0000010728836,383.333338757356));
#3961=CARTESIAN_POINT('',(246.000001057982,72.0000010728836,383.333338757356));
#3962=CARTESIAN_POINT('',(121.500000528991,72.0000010728836,383.333338757356));
#3963=CARTESIAN_POINT('',(246.000001057982,80.,383.333338757356));
#3964=CARTESIAN_POINT('',(246.000001057982,72.0000010728836,383.333338757356));
#3965=CARTESIAN_POINT('',(237.750000528991,80.,383.333338757356));
#3966=CARTESIAN_POINT('Origin',(327.333334391316,72.0000010728836,380.333338757356));
#3967=CARTESIAN_POINT('',(327.333334391316,72.0000010728836,383.333338757356));
#3968=CARTESIAN_POINT('Origin',(327.333334391316,72.0000010728836,380.333338757356));
#3969=CARTESIAN_POINT('',(327.333334391316,80.,383.333338757356));
#3970=CARTESIAN_POINT('',(327.333334391316,72.0000010728836,383.333338757356));
#3971=CARTESIAN_POINT('Origin',(327.333334391316,80.,380.333338757356));
#3972=CARTESIAN_POINT('Origin',(299.668001057982,72.0000010728836,383.333338757356));
#3973=CARTESIAN_POINT('',(306.910641745102,72.0000010728836,383.333338757356));
#3974=CARTESIAN_POINT('',(149.834000528991,72.0000010728836,383.333338757356));
#3975=CARTESIAN_POINT('',(306.910641745102,80.,383.333338757356));
#3976=CARTESIAN_POINT('',(306.910641745102,72.0000010728836,383.333338757356));
#3977=CARTESIAN_POINT('',(266.084000528991,80.,383.333338757356));
#3978=CARTESIAN_POINT('Origin',(363.758693704197,72.0000010728836,380.333338757356));
#3979=CARTESIAN_POINT('',(363.758693704197,72.0000010728836,383.333338757356));
#3980=CARTESIAN_POINT('Origin',(363.758693704197,72.0000010728836,380.333338757356));
#3981=CARTESIAN_POINT('',(363.758693704197,80.,383.333338757356));
#3982=CARTESIAN_POINT('',(363.758693704197,72.0000010728836,383.333338757356));
#3983=CARTESIAN_POINT('Origin',(363.758693704197,80.,380.333338757356));
#3984=CARTESIAN_POINT('Origin',(340.333334391316,72.0000010728836,383.333338757356));
#3985=CARTESIAN_POINT('',(343.333334391316,72.0000010728836,383.333338757356));
#3986=CARTESIAN_POINT('',(170.166667195658,72.0000010728836,383.333338757356));
#3987=CARTESIAN_POINT('',(343.333334391316,80.,383.333338757356));
#3988=CARTESIAN_POINT('',(343.333334391316,72.0000010728836,383.333338757356));
#3989=CARTESIAN_POINT('',(286.416667195658,80.,383.333338757356));
#3990=CARTESIAN_POINT('Origin',(230.000001057982,72.0000010728836,380.333338757356));
#3991=CARTESIAN_POINT('',(230.000001057982,72.0000010728836,383.333338757356));
#3992=CARTESIAN_POINT('Origin',(230.000001057982,72.0000010728836,380.333338757356));
#3993=CARTESIAN_POINT('',(230.000001057982,80.,383.333338757356));
#3994=CARTESIAN_POINT('',(230.000001057982,72.0000010728836,383.333338757356));
#3995=CARTESIAN_POINT('Origin',(230.000001057982,80.,380.333338757356));
#3996=CARTESIAN_POINT('Origin',(202.334001057982,72.0000010728836,383.333338757356));
#3997=CARTESIAN_POINT('',(209.576641745102,72.0000010728836,383.333338757356));
#3998=CARTESIAN_POINT('',(101.167000528991,72.0000010728836,383.333338757356));
#3999=CARTESIAN_POINT('',(209.576641745102,80.,383.333338757356));
#4000=CARTESIAN_POINT('',(209.576641745102,72.0000010728836,383.333338757356));
#4001=CARTESIAN_POINT('',(217.417000528991,80.,383.333338757356));
#4002=CARTESIAN_POINT('Origin',(343.333334391316,72.0000010728836,380.333338757356));
#4003=CARTESIAN_POINT('',(340.333334391316,72.0000010728836,380.333338757356));
#4004=CARTESIAN_POINT('Origin',(343.333334391316,72.0000010728836,380.333338757356));
#4005=CARTESIAN_POINT('',(340.333334391316,80.,380.333338757356));
#4006=CARTESIAN_POINT('',(340.333334391316,72.0000010728836,380.333338757356));
#4007=CARTESIAN_POINT('Origin',(343.333334391316,80.,380.333338757356));
#4008=CARTESIAN_POINT('Origin',(340.333334391316,72.0000010728836,352.665338757356));
#4009=CARTESIAN_POINT('',(340.333334391316,80.,356.332669378678));
#4010=CARTESIAN_POINT('',(340.333334391316,72.0000010728836,340.332671822468));
#4011=CARTESIAN_POINT('Origin',(306.910641745102,72.0000010728836,380.333338757356));
#4012=CARTESIAN_POINT('',(304.789321401542,72.0000010728836,378.212018413796));
#4013=CARTESIAN_POINT('Origin',(306.910641745102,72.0000010728836,380.333338757356));
#4014=CARTESIAN_POINT('',(304.789321401542,80.,378.212018413796));
#4015=CARTESIAN_POINT('',(304.789321401542,72.0000010728836,378.212018413796));
#4016=CARTESIAN_POINT('Origin',(306.910641745102,80.,380.333338757356));
#4017=CARTESIAN_POINT('Origin',(330.333334391316,72.0000010728836,352.668005424023));
#4018=CARTESIAN_POINT('',(304.042002149492,80.,378.959337665846));
#4019=CARTESIAN_POINT('',(253.917000927597,72.0000010728836,429.084338887741));
#4020=CARTESIAN_POINT('Origin',(246.000001057982,72.0000010728836,380.333338757356));
#4021=CARTESIAN_POINT('',(243.000001057982,72.0000010728836,380.333338757356));
#4022=CARTESIAN_POINT('Origin',(246.000001057982,72.0000010728836,380.333338757356));
#4023=CARTESIAN_POINT('',(243.000001057982,80.,380.333338757356));
#4024=CARTESIAN_POINT('',(243.000001057982,72.0000010728836,380.333338757356));
#4025=CARTESIAN_POINT('Origin',(246.000001057982,80.,380.333338757356));
#4026=CARTESIAN_POINT('Origin',(243.000001057982,72.0000010728836,352.666005424023));
#4027=CARTESIAN_POINT('',(243.000001057982,80.,356.333002712011));
#4028=CARTESIAN_POINT('',(243.000001057982,72.0000010728836,340.333005155802));
#4029=CARTESIAN_POINT('Origin',(209.576641745102,72.0000010728836,380.333338757356));
#4030=CARTESIAN_POINT('',(207.455321401542,72.0000010728836,378.212018413796));
#4031=CARTESIAN_POINT('Origin',(209.576641745102,72.0000010728836,380.333338757356));
#4032=CARTESIAN_POINT('',(207.455321401542,80.,378.212018413796));
#4033=CARTESIAN_POINT('',(207.455321401542,72.0000010728836,378.212018413796));
#4034=CARTESIAN_POINT('Origin',(209.576641745102,80.,380.333338757356));
#4035=CARTESIAN_POINT('Origin',(233.000001057982,72.0000010728836,352.667338757356));
#4036=CARTESIAN_POINT('',(231.041835482826,80.,354.625504332512));
#4037=CARTESIAN_POINT('',(180.916834260931,72.0000010728836,404.750505554408));
#4038=CARTESIAN_POINT('Origin',(197.333334391316,72.0000010728836,366.091364736903));
#4039=CARTESIAN_POINT('',(194.333334391316,72.0000010728836,366.091364736903));
#4040=CARTESIAN_POINT('Origin',(197.333334391316,72.0000010728836,366.091364736903));
#4041=CARTESIAN_POINT('',(194.333334391316,80.,366.091364736903));
#4042=CARTESIAN_POINT('',(194.333334391316,72.0000010728836,366.091364736903));
#4043=CARTESIAN_POINT('Origin',(197.333334391316,80.,366.091364736903));
#4044=CARTESIAN_POINT('Origin',(194.333334391316,72.0000010728836,344.666672090689));
#4045=CARTESIAN_POINT('',(194.333334391316,72.0000010728836,347.666672090689));
#4046=CARTESIAN_POINT('',(194.333334391316,72.0000010728836,336.333338489135));
#4047=CARTESIAN_POINT('',(194.333334391316,80.,347.666672090689));
#4048=CARTESIAN_POINT('',(194.333334391316,72.0000010728836,347.666672090689));
#4049=CARTESIAN_POINT('',(194.333334391316,80.,352.333336045345));
#4050=CARTESIAN_POINT('Origin',(148.666667724649,72.0000010728836,380.333338757356));
#4051=CARTESIAN_POINT('',(145.666667724649,72.0000010728836,380.333338757356));
#4052=CARTESIAN_POINT('Origin',(148.666667724649,72.0000010728836,380.333338757356));
#4053=CARTESIAN_POINT('',(145.666667724649,80.,380.333338757356));
#4054=CARTESIAN_POINT('',(145.666667724649,72.0000010728836,380.333338757356));
#4055=CARTESIAN_POINT('Origin',(148.666667724649,80.,380.333338757356));
#4056=CARTESIAN_POINT('Origin',(145.666667724649,72.0000010728836,352.666672090689));
#4057=CARTESIAN_POINT('',(145.666667724649,80.,356.333336045345));
#4058=CARTESIAN_POINT('',(145.666667724649,72.0000010728836,340.333338489135));
#4059=CARTESIAN_POINT('Origin',(100.000001057982,72.0000010728836,366.090698070237));
#4060=CARTESIAN_POINT('',(97.0000010579824,72.0000010728836,366.090698070237));
#4061=CARTESIAN_POINT('Origin',(100.000001057982,72.0000010728836,366.090698070237));
#4062=CARTESIAN_POINT('',(97.0000010579825,80.,366.090698070237));
#4063=CARTESIAN_POINT('',(97.0000010579824,72.0000010728836,366.090698070237));
#4064=CARTESIAN_POINT('Origin',(100.000001057982,80.,366.090698070237));
#4065=CARTESIAN_POINT('Origin',(97.0000010579824,72.0000010728836,344.666672090689));
#4066=CARTESIAN_POINT('',(97.0000010579824,72.0000010728836,347.666672090689));
#4067=CARTESIAN_POINT('',(97.0000010579824,72.0000010728836,336.333338489135));
#4068=CARTESIAN_POINT('',(97.0000010579825,80.,347.666672090689));
#4069=CARTESIAN_POINT('',(97.0000010579824,72.0000010728836,347.666672090689));
#4070=CARTESIAN_POINT('',(97.0000010579825,80.,352.333336045345));
#4071=CARTESIAN_POINT('Origin',(100.000001057982,72.0000010728836,347.666672090689));
#4072=CARTESIAN_POINT('',(100.000001057982,72.0000010728836,344.666672090689));
#4073=CARTESIAN_POINT('Origin',(100.000001057982,72.0000010728836,347.666672090689));
#4074=CARTESIAN_POINT('',(100.000001057982,80.,344.666672090689));
#4075=CARTESIAN_POINT('',(100.000001057982,72.0000010728836,344.666672090689));
#4076=CARTESIAN_POINT('Origin',(100.000001057982,80.,347.666672090689));
#4077=CARTESIAN_POINT('Origin',(125.666667724649,72.0000010728836,344.666672090689));
#4078=CARTESIAN_POINT('',(179.083333862325,80.,344.666672090689));
#4079=CARTESIAN_POINT('',(62.8333338623246,72.0000010728836,344.666672090689));
#4080=CARTESIAN_POINT('Origin',(160.909308411768,72.0000010728836,347.666672090689));
#4081=CARTESIAN_POINT('',(160.909308411768,72.0000010728836,344.666672090689));
#4082=CARTESIAN_POINT('Origin',(160.909308411768,72.0000010728836,347.666672090689));
#4083=CARTESIAN_POINT('',(160.909308411768,80.,344.666672090689));
#4084=CARTESIAN_POINT('',(160.909308411768,72.0000010728836,344.666672090689));
#4085=CARTESIAN_POINT('Origin',(160.909308411768,80.,347.666672090689));
#4086=CARTESIAN_POINT('Origin',(184.333334391316,72.0000010728836,344.666672090689));
#4087=CARTESIAN_POINT('',(208.416667195658,80.,344.666672090689));
#4088=CARTESIAN_POINT('',(92.1666671956579,72.0000010728836,344.666672090689));
#4089=CARTESIAN_POINT('Origin',(197.333334391316,72.0000010728836,347.666672090689));
#4090=CARTESIAN_POINT('',(197.333334391316,72.0000010728836,344.666672090689));
#4091=CARTESIAN_POINT('Origin',(197.333334391316,72.0000010728836,347.666672090689));
#4092=CARTESIAN_POINT('',(197.333334391316,80.,344.666672090689));
#4093=CARTESIAN_POINT('',(197.333334391316,72.0000010728836,344.666672090689));
#4094=CARTESIAN_POINT('Origin',(197.333334391316,80.,347.666672090689));
#4095=CARTESIAN_POINT('Origin',(223.000667724649,72.0000010728836,344.666672090689));
#4096=CARTESIAN_POINT('',(227.750333862325,80.,344.666672090689));
#4097=CARTESIAN_POINT('',(111.500333862325,72.0000010728836,344.666672090689));
#4098=CARTESIAN_POINT('Origin',(258.243308411769,72.0000010728836,347.666672090689));
#4099=CARTESIAN_POINT('',(258.243308411769,72.0000010728836,344.666672090689));
#4100=CARTESIAN_POINT('Origin',(258.243308411769,72.0000010728836,347.666672090689));
#4101=CARTESIAN_POINT('',(258.243308411769,80.,344.666672090689));
#4102=CARTESIAN_POINT('',(258.243308411769,72.0000010728836,344.666672090689));
#4103=CARTESIAN_POINT('Origin',(258.243308411769,80.,347.666672090689));
#4104=CARTESIAN_POINT('Origin',(281.666667724649,72.0000010728836,344.666672090689));
#4105=CARTESIAN_POINT('',(257.083333862325,80.,344.666672090689));
#4106=CARTESIAN_POINT('',(140.833333862325,72.0000010728836,344.666672090689));
#4107=CARTESIAN_POINT('Origin',(294.666667724649,72.0000010728836,347.666672090689));
#4108=CARTESIAN_POINT('',(294.666667724649,72.0000010728836,344.666672090689));
#4109=CARTESIAN_POINT('Origin',(294.666667724649,72.0000010728836,347.666672090689));
#4110=CARTESIAN_POINT('',(294.666667724649,80.,344.666672090689));
#4111=CARTESIAN_POINT('',(294.666667724649,72.0000010728836,344.666672090689));
#4112=CARTESIAN_POINT('Origin',(294.666667724649,80.,347.666672090689));
#4113=CARTESIAN_POINT('Origin',(320.334667724649,72.0000010728836,344.666672090689));
#4114=CARTESIAN_POINT('',(276.417333862325,80.,344.666672090689));
#4115=CARTESIAN_POINT('',(160.167333862325,72.0000010728836,344.666672090689));
#4116=CARTESIAN_POINT('Origin',(355.577308411769,72.0000010728836,347.666672090689));
#4117=CARTESIAN_POINT('',(353.455988068209,72.0000010728836,349.787992434249));
#4118=CARTESIAN_POINT('',(355.577308411769,72.0000010728836,344.666672090689));
#4119=CARTESIAN_POINT('Origin',(355.577308411769,72.0000010728836,347.666672090689));
#4120=CARTESIAN_POINT('',(355.577308411769,80.,344.666672090689));
#4121=CARTESIAN_POINT('',(355.577308411769,72.0000010728836,344.666672090689));
#4122=CARTESIAN_POINT('',(353.455988068209,80.,349.787992434249));
#4123=CARTESIAN_POINT('Origin',(355.577308411769,80.,347.666672090689));
#4124=CARTESIAN_POINT('',(353.455988068209,72.0000010728836,349.787992434249));
#4125=CARTESIAN_POINT('Origin',(379.000001057983,72.0000010728836,344.666672090689));
#4126=CARTESIAN_POINT('',(376.000001057983,72.0000010728836,344.666672090689));
#4127=CARTESIAN_POINT('',(189.500000528991,72.0000010728836,344.666672090689));
#4128=CARTESIAN_POINT('',(376.000001057983,80.,344.666672090689));
#4129=CARTESIAN_POINT('',(376.000001057983,72.0000010728836,344.666672090689));
#4130=CARTESIAN_POINT('',(305.750000528991,80.,344.666672090689));
#4131=CARTESIAN_POINT('Origin',(376.000001057983,72.0000010728836,368.089364736903));
#4132=CARTESIAN_POINT('',(379.000001057983,72.0000010728836,368.089364736903));
#4133=CARTESIAN_POINT('',(373.878680714423,72.0000010728836,370.210685080463));
#4134=CARTESIAN_POINT('Origin',(376.000001057983,72.0000010728836,368.089364736903));
#4135=CARTESIAN_POINT('',(373.878680714423,80.,370.210685080463));
#4136=CARTESIAN_POINT('',(373.878680714423,72.0000010728836,370.210685080463));
#4137=CARTESIAN_POINT('',(379.000001057983,80.,368.089364736903));
#4138=CARTESIAN_POINT('Origin',(376.000001057983,80.,368.089364736903));
#4139=CARTESIAN_POINT('',(379.000001057983,72.0000010728836,368.089364736903));
#4140=CARTESIAN_POINT('Origin',(348.334667724649,72.0000010728836,344.666672090689));
#4141=CARTESIAN_POINT('',(323.209332770815,80.,319.541337136855));
#4142=CARTESIAN_POINT('',(257.08433399271,72.0000010728836,253.41633835875));
#4143=CARTESIAN_POINT('Origin',(376.000001057983,72.0000010728836,347.666672090689));
#4144=CARTESIAN_POINT('',(379.000001057983,72.0000010728836,347.666672090689));
#4145=CARTESIAN_POINT('Origin',(376.000001057983,72.0000010728836,347.666672090689));
#4146=CARTESIAN_POINT('',(379.000001057983,80.,347.666672090689));
#4147=CARTESIAN_POINT('',(379.000001057983,72.0000010728836,347.666672090689));
#4148=CARTESIAN_POINT('Origin',(376.000001057983,80.,347.666672090689));
#4149=CARTESIAN_POINT('Origin',(379.000001057983,72.0000010728836,375.332005424023));
#4150=CARTESIAN_POINT('',(379.000001057983,80.,367.666002712011));
#4151=CARTESIAN_POINT('',(379.000001057983,72.0000010728836,351.666005155802));
#4152=CARTESIAN_POINT('Origin',(0.,72.0000010728836,328.000004887581));
#4153=CARTESIAN_POINT('',(72.0000010579824,72.0000010728836,334.000004947185));
#4154=CARTESIAN_POINT('',(72.0000010579824,72.0000010728836,394.00000590086));
#4155=CARTESIAN_POINT('',(72.0000010579824,72.0000010728836,329.500004917383));
#4156=CARTESIAN_POINT('',(69.0000010579824,72.0000010728836,331.000004947186));
#4157=CARTESIAN_POINT('Origin',(69.0000010579824,72.0000010728836,334.000004947185));
#4158=CARTESIAN_POINT('',(38.,72.0000010728836,331.000004947186));
#4159=CARTESIAN_POINT('',(15.5000002384186,72.0000010728836,331.000004947186));
#4160=CARTESIAN_POINT('',(35.,72.0000010728836,328.000004887581));
#4161=CARTESIAN_POINT('Origin',(38.,72.0000010728836,328.000004947186));
#4162=CARTESIAN_POINT('',(430.,72.0000010728836,328.000004887581));
#4163=CARTESIAN_POINT('',(0.,72.0000010728836,328.000004887581));
#4164=CARTESIAN_POINT('',(427.,72.0000010728836,331.000004947186));
#4165=CARTESIAN_POINT('Origin',(427.,72.0000010728836,328.000004947186));
#4166=CARTESIAN_POINT('',(407.00000603497,72.0000010728836,331.000004947186));
#4167=CARTESIAN_POINT('',(202.000003017485,72.0000010728836,331.000004947186));
#4168=CARTESIAN_POINT('',(404.00000603497,72.0000010728836,334.000004947185));
#4169=CARTESIAN_POINT('Origin',(407.00000603497,72.0000010728836,334.000004947185));
#4170=CARTESIAN_POINT('',(404.00000603497,72.0000010728836,394.00000590086));
#4171=CARTESIAN_POINT('',(404.00000603497,72.0000010728836,362.50000539422));
#4172=CARTESIAN_POINT('',(407.00000603497,72.0000010728836,397.00000590086));
#4173=CARTESIAN_POINT('Origin',(407.00000603497,72.0000010728836,394.00000590086));
#4174=CARTESIAN_POINT('',(427.,72.0000010728836,397.00000590086));
#4175=CARTESIAN_POINT('',(218.500003248453,72.0000010728836,397.00000590086));
#4176=CARTESIAN_POINT('',(430.,72.0000010728836,400.000005960464));
#4177=CARTESIAN_POINT('Origin',(427.,72.0000010728836,400.00000590086));
#4178=CARTESIAN_POINT('',(35.,72.0000010728836,400.000005960464));
#4179=CARTESIAN_POINT('',(0.,72.0000010728836,400.000005960464));
#4180=CARTESIAN_POINT('',(38.,72.0000010728836,397.00000590086));
#4181=CARTESIAN_POINT('Origin',(38.,72.0000010728836,400.00000590086));
#4182=CARTESIAN_POINT('',(69.0000010579824,72.0000010728836,397.00000590086));
#4183=CARTESIAN_POINT('',(36.0000005289912,72.0000010728836,397.00000590086));
#4184=CARTESIAN_POINT('Origin',(69.0000010579824,72.0000010728836,394.00000590086));
#4185=CARTESIAN_POINT('Origin',(0.,72.0000010728836,400.000005960464));
#4186=CARTESIAN_POINT('',(35.,70.,400.00000590086));
#4187=CARTESIAN_POINT('',(35.,75.,400.00000590086));
#4188=CARTESIAN_POINT('',(430.,70.,400.00000590086));
#4189=CARTESIAN_POINT('',(430.,75.,400.00000590086));
#4190=CARTESIAN_POINT('',(116.25,70.,400.000005960464));
#4191=CARTESIAN_POINT('Origin',(0.,70.0000010430813,328.000004887581));
#4192=CARTESIAN_POINT('',(35.,70.,328.000004947186));
#4193=CARTESIAN_POINT('',(35.,75.,328.000004947186));
#4194=CARTESIAN_POINT('',(430.,70.,328.000004947186));
#4195=CARTESIAN_POINT('',(116.25,70.,328.000004887581));
#4196=CARTESIAN_POINT('',(430.,75.,328.000004947186));
#4197=CARTESIAN_POINT('Origin',(69.0000010579824,80.,394.00000590086));
#4198=CARTESIAN_POINT('',(69.0000010579824,80.,397.00000590086));
#4199=CARTESIAN_POINT('',(69.0000010579824,80.,397.00000590086));
#4200=CARTESIAN_POINT('',(72.0000010579825,80.,394.00000590086));
#4201=CARTESIAN_POINT('Origin',(69.0000010579824,80.,394.00000590086));
#4202=CARTESIAN_POINT('',(72.0000010579824,80.,394.00000590086));
#4203=CARTESIAN_POINT('Origin',(72.0000010579824,80.,397.00000590086));
#4204=CARTESIAN_POINT('',(38.,80.,397.00000590086));
#4205=CARTESIAN_POINT('',(38.,75.,397.00000590086));
#4206=CARTESIAN_POINT('',(152.250000528991,80.,397.00000590086));
#4207=CARTESIAN_POINT('Origin',(404.00000603497,80.,397.00000590086));
#4208=CARTESIAN_POINT('',(404.00000603497,80.,334.000004947185));
#4209=CARTESIAN_POINT('',(404.00000603497,80.,334.000004947185));
#4210=CARTESIAN_POINT('',(404.00000603497,80.,394.00000590086));
#4211=CARTESIAN_POINT('',(404.00000603497,80.,378.50000295043));
#4212=CARTESIAN_POINT('',(404.00000603497,80.,394.00000590086));
#4213=CARTESIAN_POINT('Origin',(38.,75.,400.00000590086));
#4214=CARTESIAN_POINT('',(35.,80.,400.00000590086));
#4215=CARTESIAN_POINT('',(35.,75.,400.00000590086));
#4216=CARTESIAN_POINT('Origin',(38.,80.,400.00000590086));
#4217=CARTESIAN_POINT('Origin',(407.00000603497,80.,334.000004947185));
#4218=CARTESIAN_POINT('',(407.00000603497,80.,331.000004947186));
#4219=CARTESIAN_POINT('',(407.00000603497,80.,331.000004947186));
#4220=CARTESIAN_POINT('Origin',(407.00000603497,80.,334.000004947185));
#4221=CARTESIAN_POINT('Origin',(404.00000603497,80.,331.000004947186));
#4222=CARTESIAN_POINT('',(427.,80.,331.000004947186));
#4223=CARTESIAN_POINT('',(427.,75.,331.000004947186));
#4224=CARTESIAN_POINT('',(318.250003017485,80.,331.000004947186));
#4225=CARTESIAN_POINT('Origin',(427.,75.,328.000004947186));
#4226=CARTESIAN_POINT('',(430.,80.,328.000004947186));
#4227=CARTESIAN_POINT('',(430.,75.,328.000004947186));
#4228=CARTESIAN_POINT('Origin',(427.,80.,328.000004947186));
#4229=CARTESIAN_POINT('Origin',(232.5,70.,360.));
#4230=CARTESIAN_POINT('',(35.,70.,300.));
#4231=CARTESIAN_POINT('',(35.,70.,420.));
#4232=CARTESIAN_POINT('',(40.,70.,295.));
#4233=CARTESIAN_POINT('Origin',(40.,70.,300.));
#4234=CARTESIAN_POINT('',(425.,70.,295.));
#4235=CARTESIAN_POINT('',(40.,70.,295.));
#4236=CARTESIAN_POINT('',(430.,70.,300.));
#4237=CARTESIAN_POINT('Origin',(425.,70.,300.));
#4238=CARTESIAN_POINT('',(430.,70.,300.));
#4239=CARTESIAN_POINT('Origin',(232.5,70.,360.));
#4240=CARTESIAN_POINT('',(430.,70.,420.));
#4241=CARTESIAN_POINT('',(430.,70.,300.));
#4242=CARTESIAN_POINT('',(425.,70.,425.));
#4243=CARTESIAN_POINT('Origin',(425.,70.,420.));
#4244=CARTESIAN_POINT('',(40.,70.,425.));
#4245=CARTESIAN_POINT('',(425.,70.,425.));
#4246=CARTESIAN_POINT('',(35.,70.,420.));
#4247=CARTESIAN_POINT('Origin',(39.9999999999999,70.,420.));
#4248=CARTESIAN_POINT('',(35.,70.,420.));
#4249=CARTESIAN_POINT('Origin',(430.,70.,420.));
#4250=CARTESIAN_POINT('',(430.,80.,300.));
#4251=CARTESIAN_POINT('',(430.,70.,300.));
#4252=CARTESIAN_POINT('',(430.,80.,300.));
#4253=CARTESIAN_POINT('Origin',(427.,75.,400.00000590086));
#4254=CARTESIAN_POINT('',(427.,80.,397.00000590086));
#4255=CARTESIAN_POINT('',(427.,75.,397.00000590086));
#4256=CARTESIAN_POINT('',(430.,80.,400.00000590086));
#4257=CARTESIAN_POINT('Origin',(427.,80.,400.00000590086));
#4258=CARTESIAN_POINT('',(430.,75.,400.00000590086));
#4259=CARTESIAN_POINT('Origin',(437.000006496906,80.,397.00000590086));
#4260=CARTESIAN_POINT('',(407.00000603497,80.,397.00000590086));
#4261=CARTESIAN_POINT('',(407.00000603497,80.,397.00000590086));
#4262=CARTESIAN_POINT('',(334.750003248453,80.,397.00000590086));
#4263=CARTESIAN_POINT('Origin',(38.,75.,328.000004947186));
#4264=CARTESIAN_POINT('',(38.,80.,331.000004947186));
#4265=CARTESIAN_POINT('',(38.,75.,331.000004947186));
#4266=CARTESIAN_POINT('',(35.,80.,328.000004947186));
#4267=CARTESIAN_POINT('Origin',(38.,80.,328.000004947186));
#4268=CARTESIAN_POINT('',(35.,75.,328.000004947186));
#4269=CARTESIAN_POINT('Origin',(31.0000004768372,80.,331.000004947186));
#4270=CARTESIAN_POINT('',(69.0000010579824,80.,331.000004947186));
#4271=CARTESIAN_POINT('',(69.0000010579824,80.,331.000004947186));
#4272=CARTESIAN_POINT('',(131.750000238419,80.,331.000004947186));
#4273=CARTESIAN_POINT('Origin',(72.0000010579824,80.,331.000004947186));
#4274=CARTESIAN_POINT('',(72.0000010579825,80.,334.000004947185));
#4275=CARTESIAN_POINT('',(72.0000010579825,80.,345.500002473593));
#4276=CARTESIAN_POINT('',(72.0000010579824,80.,334.000004947185));
#4277=CARTESIAN_POINT('Origin',(69.0000010579824,80.,334.000004947185));
#4278=CARTESIAN_POINT('Origin',(69.0000010579824,80.,334.000004947185));
#4279=CARTESIAN_POINT('Origin',(407.00000603497,80.,394.00000590086));
#4280=CARTESIAN_POINT('Origin',(407.00000603497,80.,394.00000590086));
#4281=CARTESIAN_POINT('Origin',(430.,70.,420.));
#4282=CARTESIAN_POINT('',(430.,80.,420.));
#4283=CARTESIAN_POINT('',(430.,80.,300.));
#4284=CARTESIAN_POINT('',(430.,70.,420.));
#4285=CARTESIAN_POINT('Origin',(232.5,80.,360.));
#4286=CARTESIAN_POINT('',(35.,80.,420.));
#4287=CARTESIAN_POINT('',(35.,80.,420.));
#4288=CARTESIAN_POINT('',(40.,80.,425.));
#4289=CARTESIAN_POINT('Origin',(39.9999999999999,80.,420.));
#4290=CARTESIAN_POINT('',(425.,80.,425.));
#4291=CARTESIAN_POINT('',(425.,80.,425.));
#4292=CARTESIAN_POINT('Origin',(425.,80.,420.));
#4293=CARTESIAN_POINT('',(425.,80.,295.));
#4294=CARTESIAN_POINT('Origin',(425.,80.,300.));
#4295=CARTESIAN_POINT('',(40.,80.,295.));
#4296=CARTESIAN_POINT('',(40.,80.,295.));
#4297=CARTESIAN_POINT('',(35.,80.,300.));
#4298=CARTESIAN_POINT('Origin',(40.,80.,300.));
#4299=CARTESIAN_POINT('',(35.,80.,420.));
#4300=CARTESIAN_POINT('Origin',(35.,70.,300.));
#4301=CARTESIAN_POINT('',(35.,70.,420.));
#4302=CARTESIAN_POINT('Origin',(35.,70.,300.));
#4303=CARTESIAN_POINT('',(35.,70.,300.));
#4304=CARTESIAN_POINT('Origin',(425.,70.,420.));
#4305=CARTESIAN_POINT('',(425.,70.,425.));
#4306=CARTESIAN_POINT('Origin',(40.,70.,425.));
#4307=CARTESIAN_POINT('',(40.,70.,425.));
#4308=CARTESIAN_POINT('Origin',(39.9999999999999,70.,420.));
#4309=CARTESIAN_POINT('Origin',(40.,70.,300.));
#4310=CARTESIAN_POINT('',(40.,70.,295.));
#4311=CARTESIAN_POINT('Origin',(425.,70.,295.));
#4312=CARTESIAN_POINT('',(425.,70.,295.));
#4313=CARTESIAN_POINT('Origin',(425.,70.,300.));
#4314=UNCERTAINTY_MEASURE_WITH_UNIT(LENGTH_MEASURE(0.01),#4318,
'DISTANCE_ACCURACY_VALUE',
'Maximum model space distance between geometric entities at asserted c
onnectivities');
#4315=UNCERTAINTY_MEASURE_WITH_UNIT(LENGTH_MEASURE(0.01),#4318,
'DISTANCE_ACCURACY_VALUE',
'Maximum model space distance between geometric entities at asserted c
onnectivities');
#4316=(
GEOMETRIC_REPRESENTATION_CONTEXT(3)
GLOBAL_UNCERTAINTY_ASSIGNED_CONTEXT((#4314))
GLOBAL_UNIT_ASSIGNED_CONTEXT((#4318,#4320,#4321))
REPRESENTATION_CONTEXT('','3D')
);
#4317=(
GEOMETRIC_REPRESENTATION_CONTEXT(3)
GLOBAL_UNCERTAINTY_ASSIGNED_CONTEXT((#4315))
GLOBAL_UNIT_ASSIGNED_CONTEXT((#4318,#4320,#4321))
REPRESENTATION_CONTEXT('','3D')
);
#4318=(
LENGTH_UNIT()
NAMED_UNIT(*)
SI_UNIT(.MILLI.,.METRE.)
);
#4319=(
LENGTH_UNIT()
NAMED_UNIT(*)
SI_UNIT($,.METRE.)
);
#4320=(
NAMED_UNIT(*)
PLANE_ANGLE_UNIT()
SI_UNIT($,.RADIAN.)
);
#4321=(
NAMED_UNIT(*)
SI_UNIT($,.STERADIAN.)
SOLID_ANGLE_UNIT()
);
#4322=SHAPE_DEFINITION_REPRESENTATION(#4323,#4324);
#4323=PRODUCT_DEFINITION_SHAPE('',$,#4326);
#4324=SHAPE_REPRESENTATION('',(#2570),#4316);
#4325=PRODUCT_DEFINITION_CONTEXT('part definition',#4330,'design');
#4326=PRODUCT_DEFINITION('y axis brace','y axis brace',#4327,#4325);
#4327=PRODUCT_DEFINITION_FORMATION('',$,#4332);
#4328=PRODUCT_RELATED_PRODUCT_CATEGORY('y axis brace','y axis brace',(#4332));
#4329=APPLICATION_PROTOCOL_DEFINITION('international standard',
'automotive_design',2009,#4330);
#4330=APPLICATION_CONTEXT(
'Core Data for Automotive Mechanical Design Process');
#4331=PRODUCT_CONTEXT('part definition',#4330,'mechanical');
#4332=PRODUCT('y axis brace','y axis brace',$,(#4331));
#4333=PRESENTATION_STYLE_ASSIGNMENT((#4334));
#4334=SURFACE_STYLE_USAGE(.BOTH.,#4335);
#4335=SURFACE_SIDE_STYLE('',(#4336));
#4336=SURFACE_STYLE_FILL_AREA(#4337);
#4337=FILL_AREA_STYLE('Aluminum - Satin',(#4338));
#4338=FILL_AREA_STYLE_COLOUR('Aluminum - Satin',#4339);
#4339=COLOUR_RGB('Aluminum - Satin',0.96078431372549,0.96078431372549,0.964705882352941);
ENDSEC;
END-ISO-10303-21;
